EjV,k_tt,b_tt,eps_tt,cash_tt,maxof7_overJ,ktp_opti,btp_opti,consumption_opti,prob ib,prob is,prob fb2,prob fs,prob ibfb2,prob fbis2,prob none,kn ib,kn is,kn fb2,kn fs,kn ibfb2,kn fbis2,kn none,bn ib,bn is,bn fb2,bn fs,bn ibfb2,bn fbis2,bn none,cc ib,cc is,cc fb2,cc fs,cc ibfb2,cc fbis2,cc none,jV ib,jV is,jV fb2,jV fs,jV ibfb2,jV fbis2,jV none,btp_fb_opti,bn_fb ib,bn_fb is,bn_fb fb2,bn_fb fs,bn_fb ibfb2,bn_fb fbis2,bn_fb none,btp_ib_opti,bn_ib ib,bn_ib is,bn_ib fb2,bn_ib fs,bn_ib ibfb2,bn_ib fbis2,bn_ib none,btp_fs_opti,bn_fs ib,bn_fs is,bn_fs fb2,bn_fs fs,bn_fs ibfb2,bn_fs fbis2,bn_fs none,btp_il_opti,bn_il ib,bn_il is,bn_il fb2,bn_il fs,bn_il ibfb2,bn_il fbis2,bn_il none
-28.85868605,0,0,-1.123160172,0,0,0,0,0.001,0.142857143,0.142857143,0.142857143,0.142857143,0.142857143,0.142857143,0.142857143,0,0,0,0,0,0,0,0,0,0,0,0,0,0,0.001,0.001,0.001,0.001,0.001,0.001,0.001,-44.01243484,-44.01243484,-44.01243484,-44.01243484,-44.01243484,-44.01243484,-44.01243484,0,0,0,0,0,0,0,0,0,0,0,0,0,0,0,0,0,0,0,0,0,0,0,0,0,0,0,0,0,0,0,0
-28.85868605,0,0,-0.0625,0,0,0,0,0.001,0.142857143,0.142857143,0.142857143,0.142857143,0.142857143,0.142857143,0.142857143,0,0,0,0,0,0,0,0,0,0,0,0,0,0,0.001,0.001,0.001,0.001,0.001,0.001,0.001,-44.01243484,-44.01243484,-44.01243484,-44.01243484,-44.01243484,-44.01243484,-44.01243484,0,0,0,0,0,0,0,0,0,0,0,0,0,0,0,0,0,0,0,0,0,0,0,0,0,0,0,0,0,0,0,0
-28.85868605,0,0,0.998160172,0,0,0,0,0.001,0.142857143,0.142857143,0.142857143,0.142857143,0.142857143,0.142857143,0.142857143,0,0,0,0,0,0,0,0,0,0,0,0,0,0,0.001,0.001,0.001,0.001,0.001,0.001,0.001,-44.01243484,-44.01243484,-44.01243484,-44.01243484,-44.01243484,-44.01243484,-44.01243484,0,0,0,0,0,0,0,0,0,0,0,0,0,0,0,0,0,0,0,0,0,0,0,0,0,0,0,0,0,0,0,0
-4.79334768,0,3.869909191,-1.123160172,3.869909191,6,3.00992937,0,0.85997982,0.140629532,0.158896744,0.139289202,0.144802063,0.115894194,0.137985939,0.162502325,3.193392939,2.001060661,2.711223599,2.057727328,2.240919254,2.011444829,3.00992937,-0.334951437,1.137491816,0,0.94472548,0,1.059509485,0,0.83240166,0.711488235,0.978685592,0.731636383,1.342989936,0.63232412,0.85997982,-9.537002407,-9.353814036,-9.551367368,-9.493144312,-9.827179421,-9.565468221,-9.32015744,0,0,0,0,0,0,-0.563204552,0,0,-0.334951437,0,0,0,0,0,0,0,0,0,0,0.94472548,0,0,0,0,0,1.137491816,0,0,0,1.622714037,0
-4.79334768,0,3.869909191,-0.0625,3.869909191,6,3.00992937,0,0.85997982,0.140629532,0.158896744,0.139289202,0.144802063,0.115894194,0.137985939,0.162502325,3.193392939,2.001060661,2.711223599,2.057727328,2.240919254,2.011444829,3.00992937,-0.334951437,1.137491816,0,0.94472548,0,1.059509485,0,0.83240166,0.711488235,0.978685592,0.731636383,1.342989936,0.63232412,0.85997982,-9.537002407,-9.353814036,-9.551367368,-9.493144312,-9.827179421,-9.565468221,-9.32015744,0,0,0,0,0,0,-0.563204552,0,0,-0.334951437,0,0,0,0,0,0,0,0,0,0,0.94472548,0,0,0,0,0,1.137491816,0,0,0,1.622714037,0
-4.79334768,0,3.869909191,0.998160172,3.869909191,6,3.00992937,0,0.85997982,0.140629532,0.158896744,0.139289202,0.144802063,0.115894194,0.137985939,0.162502325,3.193392939,2.001060661,2.711223599,2.057727328,2.240919254,2.011444829,3.00992937,-0.334951437,1.137491816,0,0.94472548,0,1.059509485,0,0.83240166,0.711488235,0.978685592,0.731636383,1.342989936,0.63232412,0.85997982,-9.537002407,-9.353814036,-9.551367368,-9.493144312,-9.827179421,-9.565468221,-9.32015744,0,0,0,0,0,0,-0.563204552,0,0,-0.334951437,0,0,0,0,0,0,0,0,0,0,0.94472548,0,0,0,0,0,1.137491816,0,0,0,1.622714037,0
-2.887947365,0,7.855915657,-1.123160172,7.855915657,1,2.529305219,2.875539,2.810339132,0.134094131,0.149567581,0.141733082,0.14223085,0.138728515,0.147755691,0.14589015,6.575218657,2.529305219,4.51200777,4.272175365,4.733258809,2.17723686,4.364397587,-2.069002137,2.875539,0,0,-0.496466257,3.276859481,0,2.792368726,2.810339132,3.163907887,3.417740292,3.269118744,2.723021167,3.49151807,-6.85429036,-6.690480888,-6.771185017,-6.765926232,-6.803325053,-6.708763136,-6.727822479,0,0,0,0,0,-0.496466257,-0.609626321,0,0,-2.069002137,0,0,0,0,0,0,0,0,0,0,0,0,0,0,2.875539,0,2.875539,0,0,0,3.886485802,0
-2.887947365,0,7.855915657,-0.0625,7.855915657,1,2.529305219,2.875539,2.810339132,0.134094131,0.149567581,0.141733082,0.14223085,0.138728515,0.147755691,0.14589015,6.575218657,2.529305219,4.51200777,4.272175365,4.733258809,2.17723686,4.364397587,-2.069002137,2.875539,0,0,-0.496466257,3.276859481,0,2.792368726,2.810339132,3.163907887,3.417740292,3.269118744,2.723021167,3.49151807,-6.85429036,-6.690480888,-6.771185017,-6.765926232,-6.803325053,-6.708763136,-6.727822479,0,0,0,0,0,-0.496466257,-0.609626321,0,0,-2.069002137,0,0,0,0,0,0,0,0,0,0,0,0,0,0,2.875539,0,2.875539,0,0,0,3.886485802,0
-2.887947365,0,7.855915657,0.998160172,7.855915657,1,2.529305219,2.875539,2.810339132,0.134094131,0.149567581,0.141733082,0.14223085,0.138728515,0.147755691,0.14589015,6.575218657,2.529305219,4.51200777,4.272175365,4.733258809,2.17723686,4.364397587,-2.069002137,2.875539,0,0,-0.496466257,3.276859481,0,2.792368726,2.810339132,3.163907887,3.417740292,3.269118744,2.723021167,3.49151807,-6.85429036,-6.690480888,-6.771185017,-6.765926232,-6.803325053,-6.708763136,-6.727822479,0,0,0,0,0,-0.496466257,-0.609626321,0,0,-2.069002137,0,0,0,0,0,0,0,0,0,0,0,0,0,0,2.875539,0,2.875539,0,0,0,3.886485802,0
-2.260522298,0,11.96150232,-1.123160172,11.96150232,1,2.598556071,6.462464583,4.042198332,0.130922222,0.158673672,0.137706253,0.14463251,0.127085609,0.158159535,0.142820197,10.05849915,2.598556071,8.656659409,2.621222737,11.11111111,1.691948369,7.974334878,-2.110049599,6.462464583,-0.538636585,5.265017115,-3.496296296,6.636965518,0,3.446768299,4.042198332,3.59403854,4.077457591,3.575579515,4.674637839,3.987167439,-5.987616672,-5.699247233,-5.911837585,-5.838227637,-6.032230389,-5.704115447,-5.857142093,0,0,0,-0.538636585,0,-3.111111111,-0.473745543,0,0,-2.110049599,0,0,0,-0.385185185,0,0,0,0,0,0,5.265017115,0,0,0,6.462464583,0,6.462464583,0,0,0,7.110711061,0
-2.260522298,0,11.96150232,-0.0625,11.96150232,1,2.598556071,6.462464583,4.042198332,0.130922222,0.158673672,0.137706253,0.14463251,0.127085609,0.158159535,0.142820197,10.05849915,2.598556071,8.656659409,2.621222737,11.11111111,1.691948369,7.974334878,-2.110049599,6.462464583,-0.538636585,5.265017115,-3.496296296,6.636965518,0,3.446768299,4.042198332,3.59403854,4.077457591,3.575579515,4.674637839,3.987167439,-5.987616672,-5.699247233,-5.911837585,-5.838227637,-6.032230389,-5.704115447,-5.857142093,0,0,0,-0.538636585,0,-3.111111111,-0.473745543,0,0,-2.110049599,0,0,0,-0.385185185,0,0,0,0,0,0,5.265017115,0,0,0,6.462464583,0,6.462464583,0,0,0,7.110711061,0
-2.260522298,0,11.96150232,0.998160172,11.96150232,1,2.598556071,6.462464583,4.042198332,0.130922222,0.158673672,0.137706253,0.14463251,0.127085609,0.158159535,0.142820197,10.05849915,2.598556071,8.656659409,2.621222737,11.11111111,1.691948369,7.974334878,-2.110049599,6.462464583,-0.538636585,5.265017115,-3.496296296,6.636965518,0,3.446768299,4.042198332,3.59403854,4.077457591,3.575579515,4.674637839,3.987167439,-5.987616672,-5.699247233,-5.911837585,-5.838227637,-6.032230389,-5.704115447,-5.857142093,0,0,0,-0.538636585,0,-3.111111111,-0.473745543,0,0,-2.110049599,0,0,0,-0.385185185,0,0,0,0,0,0,5.265017115,0,0,0,6.462464583,0,6.462464583,0,0,0,7.110711061,0
-1.836072966,0,16.19025658,-1.123160172,16.19025658,1,1.76913962,10.05657588,6.290274203,0.135190132,0.159049044,0.137110397,0.139636123,0.133913303,0.156666342,0.138434658,11.11111111,1.76913962,9.411046877,3.560945906,11.11111111,2.313378207,8.994586987,0,10.05657588,0,7.152555513,-1.165432099,9.074633522,0,4.973145466,6.290274203,6.5992097,5.539249187,5.808330221,6.391569327,7.19566959,-5.329880408,-5.086084751,-5.308724035,-5.281343789,-5.344114764,-5.108726163,-5.294306016,0,0,0,0,0,-1.165432099,-0.647745898,0,0,0,0,0,0,0,0,0,0,0,0,0,7.152555513,0,0,0,10.05657588,0,10.05657588,0,0,0,9.722379419,0
-1.836072966,0,16.19025658,-0.0625,16.19025658,1,1.76913962,10.05657588,6.290274203,0.135190132,0.159049044,0.137110397,0.139636123,0.133913303,0.156666342,0.138434658,11.11111111,1.76913962,9.411046877,3.560945906,11.11111111,2.313378207,8.994586987,0,10.05657588,0,7.152555513,-1.165432099,9.074633522,0,4.973145466,6.290274203,6.5992097,5.539249187,5.808330221,6.391569327,7.19566959,-5.329880408,-5.086084751,-5.308724035,-5.281343789,-5.344114764,-5.108726163,-5.294306016,0,0,0,0,0,-1.165432099,-0.647745898,0,0,0,0,0,0,0,0,0,0,0,0,0,7.152555513,0,0,0,10.05657588,0,10.05657588,0,0,0,9.722379419,0
-1.836072966,0,16.19025658,0.998160172,16.19025658,1,1.76913962,10.05657588,6.290274203,0.135190132,0.159049044,0.137110397,0.139636123,0.133913303,0.156666342,0.138434658,11.11111111,1.76913962,9.411046877,3.560945906,11.11111111,2.313378207,8.994586987,0,10.05657588,0,7.152555513,-1.165432099,9.074633522,0,4.973145466,6.290274203,6.5992097,5.539249187,5.808330221,6.391569327,7.19566959,-5.329880408,-5.086084751,-5.308724035,-5.281343789,-5.344114764,-5.108726163,-5.294306016,0,0,0,0,0,-1.165432099,-0.647745898,0,0,0,0,0,0,0,0,0,0,0,0,0,7.152555513,0,0,0,10.05657588,0,10.05657588,0,0,0,9.722379419,0
-1.536567909,0,20.54587347,-1.123160172,20.54587347,1,2.253097052,12.80760502,8.011011739,0.135083416,0.158862512,0.136923269,0.14138372,0.133963313,0.156213521,0.137570251,11.11111111,2.253097052,11.97133781,2.264430385,11.11111111,2.953450939,13.69724898,0,12.80760502,0,10.3962515,0,11.58543157,0,9.328762354,8.011011739,8.394535658,8.051308036,9.148762354,8.160008761,6.848624488,-4.901010171,-4.657790213,-4.880717866,-4.832632477,-4.913499931,-4.683013203,-4.873646841,0,0,0,0,0,0,-0.826966263,0,0,0,0,0,0,0,0,0,0,0,0,0,10.3962515,0,0,0,12.80760502,0,12.80760502,0,0,0,12.41239783,0
-1.536567909,0,20.54587347,-0.0625,20.54587347,1,2.253097052,12.80760502,8.011011739,0.135083416,0.158862512,0.136923269,0.14138372,0.133963313,0.156213521,0.137570251,11.11111111,2.253097052,11.97133781,2.264430385,11.11111111,2.953450939,13.69724898,0,12.80760502,0,10.3962515,0,11.58543157,0,9.328762354,8.011011739,8.394535658,8.051308036,9.148762354,8.160008761,6.848624488,-4.901010171,-4.657790213,-4.880717866,-4.832632477,-4.913499931,-4.683013203,-4.873646841,0,0,0,0,0,0,-0.826966263,0,0,0,0,0,0,0,0,0,0,0,0,0,10.3962515,0,0,0,12.80760502,0,12.80760502,0,0,0,12.41239783,0
-1.536567909,0,20.54587347,0.998160172,20.54587347,1,2.253097052,12.80760502,8.011011739,0.135083416,0.158862512,0.136923269,0.14138372,0.133963313,0.156213521,0.137570251,11.11111111,2.253097052,11.97133781,2.264430385,11.11111111,2.953450939,13.69724898,0,12.80760502,0,10.3962515,0,11.58543157,0,9.328762354,8.011011739,8.394535658,8.051308036,9.148762354,8.160008761,6.848624488,-4.901010171,-4.657790213,-4.880717866,-4.832632477,-4.913499931,-4.683013203,-4.873646841,0,0,0,0,0,0,-0.826966263,0,0,0,0,0,0,0,0,0,0,0,0,0,10.3962515,0,0,0,12.80760502,0,12.80760502,0,0,0,12.41239783,0
-1.300123576,0,25.03215886,-1.123160172,25.03215886,1,2.751573207,15.64116503,9.783371401,0.136465242,0.157815365,0.136340087,0.141021999,0.135154557,0.155997891,0.137204858,16.66666667,2.751573207,14.60843747,2.76290654,16.66666667,3.612725854,16.68810591,0,15.64116503,0,12.68481091,0,14.17155355,0,8.259492193,9.783371401,10.24372139,9.823667698,8.079492193,9.981501377,8.344052953,-4.546190303,-4.328156564,-4.547566615,-4.496921375,-4.560666738,-4.345531491,-4.538082536,0,0,0,0,0,0,-1.011563239,0,0,0,0,0,0,0,0,0,0,0,0,0,12.68481091,0,0,0,15.64116503,0,15.64116503,0,0,0,15.18311679,0
-1.300123576,0,25.03215886,-0.0625,25.03215886,1,2.751573207,15.64116503,9.783371401,0.136465242,0.157815365,0.136340087,0.141021999,0.135154557,0.155997891,0.137204858,16.66666667,2.751573207,14.60843747,2.76290654,16.66666667,3.612725854,16.68810591,0,15.64116503,0,12.68481091,0,14.17155355,0,8.259492193,9.783371401,10.24372139,9.823667698,8.079492193,9.981501377,8.344052953,-4.546190303,-4.328156564,-4.547566615,-4.496921375,-4.560666738,-4.345531491,-4.538082536,0,0,0,0,0,0,-1.011563239,0,0,0,0,0,0,0,0,0,0,0,0,0,12.68481091,0,0,0,15.64116503,0,15.64116503,0,0,0,15.18311679,0
-1.300123576,0,25.03215886,0.998160172,25.03215886,1,2.751573207,15.64116503,9.783371401,0.136465242,0.157815365,0.136340087,0.141021999,0.135154557,0.155997891,0.137204858,16.66666667,2.751573207,14.60843747,2.76290654,16.66666667,3.612725854,16.68810591,0,15.64116503,0,12.68481091,0,14.17155355,0,8.259492193,9.783371401,10.24372139,9.823667698,8.079492193,9.981501377,8.344052953,-4.546190303,-4.328156564,-4.547566615,-4.496921375,-4.560666738,-4.345531491,-4.538082536,0,0,0,0,0,0,-1.011563239,0,0,0,0,0,0,0,0,0,0,0,0,0,12.68481091,0,0,0,15.64116503,0,15.64116503,0,0,0,15.18311679,0
-1.107006868,0,29.65303282,-1.123160172,29.65303282,1,3.265003646,18.55973184,11.60890185,0.136610162,0.157303843,0.137115845,0.140762244,0.135842463,0.155683563,0.13668188,16.66666667,3.265003646,17.32465011,3.27633698,16.66666667,4.291779016,16.47390712,0,18.55973184,0,15.04202711,0,16.83525919,0,12.88036615,11.60890185,12.1483827,11.64919815,12.70036615,11.85763877,13.1791257,-4.267468352,-4.0558965,-4.261926136,-4.222556978,-4.275921576,-4.071427102,-4.266681092,0,0,0,0,0,0,-1.201698124,0,0,0,0,0,0,0,0,0,0,0,0,0,15.04202711,0,0,0,18.55973184,0,18.55973184,0,0,0,18.03695732,0
-1.107006868,0,29.65303282,-0.0625,29.65303282,1,3.265003646,18.55973184,11.60890185,0.136610162,0.157303843,0.137115845,0.140762244,0.135842463,0.155683563,0.13668188,16.66666667,3.265003646,17.32465011,3.27633698,16.66666667,4.291779016,16.47390712,0,18.55973184,0,15.04202711,0,16.83525919,0,12.88036615,11.60890185,12.1483827,11.64919815,12.70036615,11.85763877,13.1791257,-4.267468352,-4.0558965,-4.261926136,-4.222556978,-4.275921576,-4.071427102,-4.266681092,0,0,0,0,0,0,-1.201698124,0,0,0,0,0,0,0,0,0,0,0,0,0,15.04202711,0,0,0,18.55973184,0,18.55973184,0,0,0,18.03695732,0
-1.107006868,0,29.65303282,0.998160172,29.65303282,1,3.265003646,18.55973184,11.60890185,0.136610162,0.157303843,0.137115845,0.140762244,0.135842463,0.155683563,0.13668188,16.66666667,3.265003646,17.32465011,3.27633698,16.66666667,4.291779016,16.47390712,0,18.55973184,0,15.04202711,0,16.83525919,0,12.88036615,11.60890185,12.1483827,11.64919815,12.70036615,11.85763877,13.1791257,-4.267468352,-4.0558965,-4.261926136,-4.222556978,-4.275921576,-4.071427102,-4.266681092,0,0,0,0,0,0,-1.201698124,0,0,0,0,0,0,0,0,0,0,0,0,0,15.04202711,0,0,0,18.55973184,0,18.55973184,0,0,0,18.03695732,0
-0.945529722,0,34.41253299,-1.123160172,34.41253299,1,3.793836999,21.56585565,13.48919822,0.136624122,0.157806418,0.136388717,0.1412046,0.135794982,0.155860808,0.136320352,22.22222222,3.793836999,20.12234914,3.805170332,22.22222222,4.991203773,19.11807388,0,21.56585565,0,17.46995979,0,19.57887601,0,12.08431077,13.48919822,14.11018385,13.52949452,11.90431077,13.79006029,15.29445911,-4.035520768,-3.819317434,-4.038107515,-3.986056196,-4.044651653,-3.837926027,-4.038859585,0,0,0,0,0,0,-1.397537056,0,0,0,0,0,0,0,0,0,0,0,0,0,17.46995979,0,0,0,21.56585565,0,21.56585565,0,0,0,20.97641307,0
-0.945529722,0,34.41253299,-0.0625,34.41253299,1,3.793836999,21.56585565,13.48919822,0.136624122,0.157806418,0.136388717,0.1412046,0.135794982,0.155860808,0.136320352,22.22222222,3.793836999,20.12234914,3.805170332,22.22222222,4.991203773,19.11807388,0,21.56585565,0,17.46995979,0,19.57887601,0,12.08431077,13.48919822,14.11018385,13.52949452,11.90431077,13.79006029,15.29445911,-4.035520768,-3.819317434,-4.038107515,-3.986056196,-4.044651653,-3.837926027,-4.038859585,0,0,0,0,0,0,-1.397537056,0,0,0,0,0,0,0,0,0,0,0,0,0,17.46995979,0,0,0,21.56585565,0,21.56585565,0,0,0,20.97641307,0
-0.945529722,0,34.41253299,0.998160172,34.41253299,1,3.793836999,21.56585565,13.48919822,0.136624122,0.157806418,0.136388717,0.1412046,0.135794982,0.155860808,0.136320352,22.22222222,3.793836999,20.12234914,3.805170332,22.22222222,4.991203773,19.11807388,0,21.56585565,0,17.46995979,0,19.57887601,0,12.08431077,13.48919822,14.11018385,13.52949452,11.90431077,13.79006029,15.29445911,-4.035520768,-3.819317434,-4.038107515,-3.986056196,-4.044651653,-3.837926027,-4.038859585,0,0,0,0,0,0,-1.397537056,0,0,0,0,0,0,0,0,0,0,0,0,0,17.46995979,0,0,0,21.56585565,0,21.56585565,0,0,0,20.97641307,0
-0.805359896,0,39.31481817,-1.123160172,39.31481817,1,4.338535352,24.66216318,15.42590348,0.136516372,0.157176339,0.13629096,0.141590166,0.135966658,0.155663728,0.136795777,22.22222222,4.338535352,22.22222222,4.349868686,22.22222222,5.555555556,26.20987878,0,24.66216318,0,19.97073046,0,22.4214515,0,16.98659595,15.42590348,16.91259595,15.46619977,16.80659595,15.91959356,13.10493939,-3.835539479,-3.624153772,-3.838018279,-3.780801201,-3.841591757,-3.638659163,-3.832472602,0,0,0,0,0,0,-1.555555556,0,0,0,0,0,0,0,0,0,0,0,0,0,19.97073046,0,0,0,24.66216318,0,24.66216318,0,0,0,23.97700705,0
-0.805359896,0,39.31481817,-0.0625,39.31481817,1,4.338535352,24.66216318,15.42590348,0.136516372,0.157176339,0.13629096,0.141590166,0.135966658,0.155663728,0.136795777,22.22222222,4.338535352,22.22222222,4.349868686,22.22222222,5.555555556,26.20987878,0,24.66216318,0,19.97073046,0,22.4214515,0,16.98659595,15.42590348,16.91259595,15.46619977,16.80659595,15.91959356,13.10493939,-3.835539479,-3.624153772,-3.838018279,-3.780801201,-3.841591757,-3.638659163,-3.832472602,0,0,0,0,0,0,-1.555555556,0,0,0,0,0,0,0,0,0,0,0,0,0,19.97073046,0,0,0,24.66216318,0,24.66216318,0,0,0,23.97700705,0
-0.805359896,0,39.31481817,0.998160172,39.31481817,1,4.338535352,24.66216318,15.42590348,0.136516372,0.157176339,0.13629096,0.141590166,0.135966658,0.155663728,0.136795777,22.22222222,4.338535352,22.22222222,4.349868686,22.22222222,5.555555556,26.20987878,0,24.66216318,0,19.97073046,0,22.4214515,0,16.98659595,15.42590348,16.91259595,15.46619977,16.80659595,15.91959356,13.10493939,-3.835539479,-3.624153772,-3.838018279,-3.780801201,-3.841591757,-3.638659163,-3.832472602,0,0,0,0,0,0,-1.555555556,0,0,0,0,0,0,0,0,0,0,0,0,0,19.97073046,0,0,0,24.66216318,0,24.66216318,0,0,0,23.97700705,0
-0.678869052,0,44.36417191,-1.123160172,44.36417191,1,4.899574656,27.77777778,17.4782409,0.136966265,0.15660679,0.136731737,0.141294921,0.136394279,0.155841224,0.136164784,27.77777778,4.899574656,27.77777778,4.91090799,27.77777778,0,24.64676217,0,27.77777778,0,22.54652424,0,33.33333333,0,16.48039413,17.4782409,16.40639413,17.46100619,16.30039413,17.85414428,19.71740974,-3.649054433,-3.448049195,-3.651625083,-3.602382397,-3.655331706,-3.455399866,-3.657857716,0,0,0,0,0,0,0,0,0,0,0,0,0,0,0,0,0,0,0,0,22.54652424,0,0,0,27.77777778,0,27.77777778,0,0,0,33.33333333,0
-0.678869052,0,44.36417191,-0.0625,44.36417191,1,4.899574656,27.77777778,17.4782409,0.136966265,0.15660679,0.136731737,0.141294921,0.136394279,0.155841224,0.136164784,27.77777778,4.899574656,27.77777778,4.91090799,27.77777778,0,24.64676217,0,27.77777778,0,22.54652424,0,33.33333333,0,16.48039413,17.4782409,16.40639413,17.46100619,16.30039413,17.85414428,19.71740974,-3.649054433,-3.448049195,-3.651625083,-3.602382397,-3.655331706,-3.455399866,-3.657857716,0,0,0,0,0,0,0,0,0,0,0,0,0,0,0,0,0,0,0,0,22.54652424,0,0,0,27.77777778,0,27.77777778,0,0,0,33.33333333,0
-0.678869052,0,44.36417191,0.998160172,44.36417191,1,4.899574656,27.77777778,17.4782409,0.136966265,0.15660679,0.136731737,0.141294921,0.136394279,0.155841224,0.136164784,27.77777778,4.899574656,27.77777778,4.91090799,27.77777778,0,24.64676217,0,27.77777778,0,22.54652424,0,33.33333333,0,16.48039413,17.4782409,16.40639413,17.46100619,16.30039413,17.85414428,19.71740974,-3.649054433,-3.448049195,-3.651625083,-3.602382397,-3.655331706,-3.455399866,-3.657857716,0,0,0,0,0,0,0,0,0,0,0,0,0,0,0,0,0,0,0,0,22.54652424,0,0,0,27.77777778,0,27.77777778,0,0,0,33.33333333,0
-0.568156626,0,49.56500626,-1.123160172,49.56500626,1,0,38.88888889,18.89130736,0.136377261,0.156996735,0.136209301,0.141507564,0.135967867,0.156440472,0.136500799,27.77777778,0,27.77777778,5.488778473,27.77777778,0,27.53611459,0,38.88888889,0,25.19959183,0,38.88888889,0,21.68122848,18.89130736,21.60722848,19.51565679,21.50122848,18.71130736,22.02889167,-3.49667156,-3.285471578,-3.49852007,-3.44127933,-3.501181212,-3.29079574,-3.495313385,0,0,0,0,0,0,0,0,0,0,0,0,0,0,0,0,0,0,0,0,25.19959183,0,0,0,38.88888889,0,38.88888889,0,0,0,38.88888889,0
-0.568156626,0,49.56500626,-0.0625,49.56500626,1,0,38.88888889,18.89130736,0.136377261,0.156996735,0.136209301,0.141507564,0.135967867,0.156440472,0.136500799,27.77777778,0,27.77777778,5.488778473,27.77777778,0,27.53611459,0,38.88888889,0,25.19959183,0,38.88888889,0,21.68122848,18.89130736,21.60722848,19.51565679,21.50122848,18.71130736,22.02889167,-3.49667156,-3.285471578,-3.49852007,-3.44127933,-3.501181212,-3.29079574,-3.495313385,0,0,0,0,0,0,0,0,0,0,0,0,0,0,0,0,0,0,0,0,25.19959183,0,0,0,38.88888889,0,38.88888889,0,0,0,38.88888889,0
-0.568156626,0,49.56500626,0.998160172,49.56500626,1,0,38.88888889,18.89130736,0.136377261,0.156996735,0.136209301,0.141507564,0.135967867,0.156440472,0.136500799,27.77777778,0,27.77777778,5.488778473,27.77777778,0,27.53611459,0,38.88888889,0,25.19959183,0,38.88888889,0,21.68122848,18.89130736,21.60722848,19.51565679,21.50122848,18.71130736,22.02889167,-3.49667156,-3.285471578,-3.49852007,-3.44127933,-3.501181212,-3.29079574,-3.495313385,0,0,0,0,0,0,0,0,0,0,0,0,0,0,0,0,0,0,0,0,25.19959183,0,0,0,38.88888889,0,38.88888889,0,0,0,38.88888889,0
-0.46385145,0,54.92186563,-1.123160172,54.92186563,1,0,44.44444444,19.90449547,0.136586221,0.156709347,0.136416133,0.141099722,0.136171632,0.15618794,0.136829005,33.33333333,0,33.33333333,5.555555556,33.33333333,0,33.33333333,0,44.44444444,0,27.77777778,0,44.44444444,0,21.4825323,19.90449547,21.4085323,22.30991533,21.3025323,19.72449547,21.5885323,-3.344672319,-3.138517227,-3.3465414,-3.295906088,-3.349232282,-3.143516384,-3.342008405,0,0,0,0,0,0,0,0,0,0,0,0,0,0,0,0,0,0,0,0,27.77777778,0,0,0,44.44444444,0,44.44444444,0,0,0,44.44444444,0
-0.46385145,0,54.92186563,-0.0625,54.92186563,1,0,44.44444444,19.90449547,0.136586221,0.156709347,0.136416133,0.141099722,0.136171632,0.15618794,0.136829005,33.33333333,0,33.33333333,5.555555556,33.33333333,0,33.33333333,0,44.44444444,0,27.77777778,0,44.44444444,0,21.4825323,19.90449547,21.4085323,22.30991533,21.3025323,19.72449547,21.5885323,-3.344672319,-3.138517227,-3.3465414,-3.295906088,-3.349232282,-3.143516384,-3.342008405,0,0,0,0,0,0,0,0,0,0,0,0,0,0,0,0,0,0,0,0,27.77777778,0,0,0,44.44444444,0,44.44444444,0,0,0,44.44444444,0
-0.46385145,0,54.92186563,0.998160172,54.92186563,1,0,44.44444444,19.90449547,0.136586221,0.156709347,0.136416133,0.141099722,0.136171632,0.15618794,0.136829005,33.33333333,0,33.33333333,5.555555556,33.33333333,0,33.33333333,0,44.44444444,0,27.77777778,0,44.44444444,0,21.4825323,19.90449547,21.4085323,22.30991533,21.3025323,19.72449547,21.5885323,-3.344672319,-3.138517227,-3.3465414,-3.295906088,-3.349232282,-3.143516384,-3.342008405,0,0,0,0,0,0,0,0,0,0,0,0,0,0,0,0,0,0,0,0,27.77777778,0,0,0,44.44444444,0,44.44444444,0,0,0,44.44444444,0
-0.372038287,0,60.43943079,-1.123160172,60.43943079,1,5.555555556,38.88888889,24.21017634,0.136487045,0.156716351,0.136316719,0.141407035,0.136071875,0.156270806,0.136730169,38.88888889,5.555555556,38.88888889,5.555555556,38.88888889,0,38.88888889,0,38.88888889,0,33.33333333,0,44.44444444,0,21.4445419,24.21017634,21.3705419,22.44940154,21.2645419,25.24206063,21.5505419,-3.213997399,-3.006685719,-3.215870461,-3.160878196,-3.218567098,-3.010956302,-3.211327834,0,0,0,0,0,0,0,0,0,0,0,0,0,0,0,0,0,0,0,0,33.33333333,0,0,0,38.88888889,0,38.88888889,0,0,0,44.44444444,0
-0.372038287,0,60.43943079,-0.0625,60.43943079,1,5.555555556,38.88888889,24.21017634,0.136487045,0.156716351,0.136316719,0.141407035,0.136071875,0.156270806,0.136730169,38.88888889,5.555555556,38.88888889,5.555555556,38.88888889,0,38.88888889,0,38.88888889,0,33.33333333,0,44.44444444,0,21.4445419,24.21017634,21.3705419,22.44940154,21.2645419,25.24206063,21.5505419,-3.213997399,-3.006685719,-3.215870461,-3.160878196,-3.218567098,-3.010956302,-3.211327834,0,0,0,0,0,0,0,0,0,0,0,0,0,0,0,0,0,0,0,0,33.33333333,0,0,0,38.88888889,0,38.88888889,0,0,0,44.44444444,0
-0.372038287,0,60.43943079,0.998160172,60.43943079,1,5.555555556,38.88888889,24.21017634,0.136487045,0.156716351,0.136316719,0.141407035,0.136071875,0.156270806,0.136730169,38.88888889,5.555555556,38.88888889,5.555555556,38.88888889,0,38.88888889,0,38.88888889,0,33.33333333,0,44.44444444,0,21.4445419,24.21017634,21.3705419,22.44940154,21.2645419,25.24206063,21.5505419,-3.213997399,-3.006685719,-3.215870461,-3.160878196,-3.218567098,-3.010956302,-3.211327834,0,0,0,0,0,0,0,0,0,0,0,0,0,0,0,0,0,0,0,0,33.33333333,0,0,0,38.88888889,0,38.88888889,0,0,0,44.44444444,0
-0.285309369,0,66.12252291,-1.123160172,66.12252291,1,0,50,26.76148147,0.136483771,0.156792396,0.136355351,0.14110339,0.136170873,0.156427015,0.136667204,38.88888889,0,38.88888889,5.555555556,38.88888889,0,38.88888889,0,50,0,38.88888889,0,50,0,27.12763402,26.76148147,27.05363402,22.7544147,26.94763402,26.58148147,27.23363402,-3.0896067,-2.881531356,-3.091018747,-3.039675945,-3.093049503,-2.885030954,-3.087592071,0,0,0,0,0,0,0,0,0,0,0,0,0,0,0,0,0,0,0,0,38.88888889,0,0,0,50,0,50,0,0,0,50,0
-0.285309369,0,66.12252291,-0.0625,66.12252291,1,0,50,26.76148147,0.136483771,0.156792396,0.136355351,0.14110339,0.136170873,0.156427015,0.136667204,38.88888889,0,38.88888889,5.555555556,38.88888889,0,38.88888889,0,50,0,38.88888889,0,50,0,27.12763402,26.76148147,27.05363402,22.7544147,26.94763402,26.58148147,27.23363402,-3.0896067,-2.881531356,-3.091018747,-3.039675945,-3.093049503,-2.885030954,-3.087592071,0,0,0,0,0,0,0,0,0,0,0,0,0,0,0,0,0,0,0,0,38.88888889,0,0,0,50,0,50,0,0,0,50,0
-0.285309369,0,66.12252291,0.998160172,66.12252291,1,0,50,26.76148147,0.136483771,0.156792396,0.136355351,0.14110339,0.136170873,0.156427015,0.136667204,38.88888889,0,38.88888889,5.555555556,38.88888889,0,38.88888889,0,50,0,38.88888889,0,50,0,27.12763402,26.76148147,27.05363402,22.7544147,26.94763402,26.58148147,27.23363402,-3.0896067,-2.881531356,-3.091018747,-3.039675945,-3.093049503,-2.885030954,-3.087592071,0,0,0,0,0,0,0,0,0,0,0,0,0,0,0,0,0,0,0,0,38.88888889,0,0,0,50,0,50,0,0,0,50,0
-0.203713538,0,71.97610779,-1.123160172,71.97610779,1,5.555555556,50,27.05951079,0.136441563,0.156657276,0.136314856,0.141356492,0.136132844,0.156474415,0.136622553,44.44444444,5.555555556,44.44444444,5.555555556,44.44444444,5.555555556,44.44444444,0,50,0,38.88888889,0,48.44444444,0,27.42566334,27.05951079,27.35166334,28.60799958,27.24566334,28.23452434,27.53166334,-2.972980023,-2.765733944,-2.974373652,-2.919897127,-2.976377833,-2.76748587,-2.970991586,0,0,0,0,0,0,-1.555555556,0,0,0,0,0,0,0,0,0,0,0,0,0,38.88888889,0,0,0,50,0,50,0,0,0,50,0
-0.203713538,0,71.97610779,-0.0625,71.97610779,1,5.555555556,50,27.05951079,0.136441563,0.156657276,0.136314856,0.141356492,0.136132844,0.156474415,0.136622553,44.44444444,5.555555556,44.44444444,5.555555556,44.44444444,5.555555556,44.44444444,0,50,0,38.88888889,0,48.44444444,0,27.42566334,27.05951079,27.35166334,28.60799958,27.24566334,28.23452434,27.53166334,-2.972980023,-2.765733944,-2.974373652,-2.919897127,-2.976377833,-2.76748587,-2.970991586,0,0,0,0,0,0,-1.555555556,0,0,0,0,0,0,0,0,0,0,0,0,0,38.88888889,0,0,0,50,0,50,0,0,0,50,0
-0.203713538,0,71.97610779,0.998160172,71.97610779,1,5.555555556,50,27.05951079,0.136441563,0.156657276,0.136314856,0.141356492,0.136132844,0.156474415,0.136622553,44.44444444,5.555555556,44.44444444,5.555555556,44.44444444,5.555555556,44.44444444,0,50,0,38.88888889,0,48.44444444,0,27.42566334,27.05951079,27.35166334,28.60799958,27.24566334,28.23452434,27.53166334,-2.972980023,-2.765733944,-2.974373652,-2.919897127,-2.976377833,-2.76748587,-2.970991586,0,0,0,0,0,0,-1.555555556,0,0,0,0,0,0,0,0,0,0,0,0,0,38.88888889,0,0,0,50,0,50,0,0,0,50,0
-0.131174878,0,78.00530021,-1.123160172,78.00530021,1,5.555555556,50,33.08870322,0.13658703,0.156433162,0.13646277,0.141697592,0.136284281,0.155770632,0.136764533,50,5.555555556,50,5.555555556,50,5.555555556,50,0,50,0,44.44444444,0,48.44444444,0,27.89930021,33.08870322,27.82530021,29.25911305,27.71930021,34.26371677,28.00530021,-2.867291379,-2.663791118,-2.868656628,-2.812191641,-2.870619863,-2.670157451,-2.865343305,0,0,0,0,0,0,-1.555555556,0,0,0,0,0,0,0,0,0,0,0,0,0,44.44444444,0,0,0,50,0,50,0,0,0,50,0
-0.131174878,0,78.00530021,-0.0625,78.00530021,1,5.555555556,50,33.08870322,0.13658703,0.156433162,0.13646277,0.141697592,0.136284281,0.155770632,0.136764533,50,5.555555556,50,5.555555556,50,5.555555556,50,0,50,0,44.44444444,0,48.44444444,0,27.89930021,33.08870322,27.82530021,29.25911305,27.71930021,34.26371677,28.00530021,-2.867291379,-2.663791118,-2.868656628,-2.812191641,-2.870619863,-2.670157451,-2.865343305,0,0,0,0,0,0,-1.555555556,0,0,0,0,0,0,0,0,0,0,0,0,0,44.44444444,0,0,0,50,0,50,0,0,0,50,0
-0.131174878,0,78.00530021,0.998160172,78.00530021,1,5.555555556,50,33.08870322,0.13658703,0.156433162,0.13646277,0.141697592,0.136284281,0.155770632,0.136764533,50,5.555555556,50,5.555555556,50,5.555555556,50,0,50,0,44.44444444,0,48.44444444,0,27.89930021,33.08870322,27.82530021,29.25911305,27.71930021,34.26371677,28.00530021,-2.867291379,-2.663791118,-2.868656628,-2.812191641,-2.870619863,-2.670157451,-2.865343305,0,0,0,0,0,0,-1.555555556,0,0,0,0,0,0,0,0,0,0,0,0,0,44.44444444,0,0,0,50,0,50,0,0,0,50,0
-0.064299703,0,84.21536841,-1.123160172,84.21536841,1,11.11111111,50,33.74321586,0.137067236,0.15525033,0.136969278,0.142153486,0.136828638,0.154523802,0.137207231,50,11.11111111,50,5.555555556,50,11.11111111,50,0,50,0,50,0,46.88888889,0,34.10936841,33.74321586,34.03536841,30.0911023,33.92936841,36.27324296,34.21536841,-2.766060085,-2.579209178,-2.767132466,-2.711406411,-2.768673464,-2.586245238,-2.764528825,0,0,0,0,0,0,-3.111111111,0,0,0,0,0,0,0,0,0,0,0,0,0,50,0,0,0,50,0,50,0,0,0,50,0
-0.064299703,0,84.21536841,-0.0625,84.21536841,1,11.11111111,50,33.74321586,0.137067236,0.15525033,0.136969278,0.142153486,0.136828638,0.154523802,0.137207231,50,11.11111111,50,5.555555556,50,11.11111111,50,0,50,0,50,0,46.88888889,0,34.10936841,33.74321586,34.03536841,30.0911023,33.92936841,36.27324296,34.21536841,-2.766060085,-2.579209178,-2.767132466,-2.711406411,-2.768673464,-2.586245238,-2.764528825,0,0,0,0,0,0,-3.111111111,0,0,0,0,0,0,0,0,0,0,0,0,0,50,0,0,0,50,0,50,0,0,0,50,0
-0.064299703,0,84.21536841,0.998160172,84.21536841,1,11.11111111,50,33.74321586,0.137067236,0.15525033,0.136969278,0.142153486,0.136828638,0.154523802,0.137207231,50,11.11111111,50,5.555555556,50,11.11111111,50,0,50,0,50,0,46.88888889,0,34.10936841,33.74321586,34.03536841,30.0911023,33.92936841,36.27324296,34.21536841,-2.766060085,-2.579209178,-2.767132466,-2.711406411,-2.768673464,-2.586245238,-2.764528825,0,0,0,0,0,0,-3.111111111,0,0,0,0,0,0,0,0,0,0,0,0,0,50,0,0,0,50,0,50,0,0,0,50,0
-0.005193839,0,90.61173865,-1.123160172,90.61173865,1,11.11111111,50,40.1395861,0.136940234,0.15520976,0.136860617,0.14319134,0.136746348,0.153997645,0.137054055,50,11.11111111,50,5.555555556,50,16.66666667,50,0,50,0,50,0,45.33333333,0,40.50573865,40.1395861,40.43173865,36.48747254,40.32573865,38.46907119,40.61173865,-2.682656172,-2.494806801,-2.683528517,-2.615700372,-2.684781436,-2.506567082,-2.681409923,0,0,0,0,0,0,-4.666666667,0,0,0,0,0,0,0,0,0,0,0,0,0,50,0,0,0,50,0,50,0,0,0,50,0
-0.005193839,0,90.61173865,-0.0625,90.61173865,1,11.11111111,50,40.1395861,0.136940234,0.15520976,0.136860617,0.14319134,0.136746348,0.153997645,0.137054055,50,11.11111111,50,5.555555556,50,16.66666667,50,0,50,0,50,0,45.33333333,0,40.50573865,40.1395861,40.43173865,36.48747254,40.32573865,38.46907119,40.61173865,-2.682656172,-2.494806801,-2.683528517,-2.615700372,-2.684781436,-2.506567082,-2.681409923,0,0,0,0,0,0,-4.666666667,0,0,0,0,0,0,0,0,0,0,0,0,0,50,0,0,0,50,0,50,0,0,0,50,0
-0.005193839,0,90.61173865,0.998160172,90.61173865,1,11.11111111,50,40.1395861,0.136940234,0.15520976,0.136860617,0.14319134,0.136746348,0.153997645,0.137054055,50,11.11111111,50,5.555555556,50,16.66666667,50,0,50,0,50,0,45.33333333,0,40.50573865,40.1395861,40.43173865,36.48747254,40.32573865,38.46907119,40.61173865,-2.682656172,-2.494806801,-2.683528517,-2.615700372,-2.684781436,-2.506567082,-2.681409923,0,0,0,0,0,0,-4.666666667,0,0,0,0,0,0,0,0,0,0,0,0,0,50,0,0,0,50,0,50,0,0,0,50,0
0.047080438,0,97.2,-1.123160172,97.2,1,16.66666667,50,41.17229189,0.136559024,0.155419093,0.136492771,0.144479895,0.136397705,0.153997745,0.136653766,50,16.66666667,50,11.11111111,50,16.66666667,50,0,50,0,50,0,45.33333333,0,47.094,41.17229189,47.02,37.52017834,46.914,45.05733255,47.2,-2.611847397,-2.417794848,-2.612575315,-2.527272243,-2.613620408,-2.431575849,-2.61080709,0,0,0,0,0,0,-4.666666667,0,0,0,0,0,0,0,0,0,0,0,0,0,50,0,0,0,50,0,50,0,0,0,50,0
0.047080438,0,97.2,-0.0625,97.2,1,16.66666667,50,41.17229189,0.136559024,0.155419093,0.136492771,0.144479895,0.136397705,0.153997745,0.136653766,50,16.66666667,50,11.11111111,50,16.66666667,50,0,50,0,50,0,45.33333333,0,47.094,41.17229189,47.02,37.52017834,46.914,45.05733255,47.2,-2.611847397,-2.417794848,-2.612575315,-2.527272243,-2.613620408,-2.431575849,-2.61080709,0,0,0,0,0,0,-4.666666667,0,0,0,0,0,0,0,0,0,0,0,0,0,50,0,0,0,50,0,50,0,0,0,50,0
0.047080438,0,97.2,0.998160172,97.2,1,16.66666667,50,41.17229189,0.136559024,0.155419093,0.136492771,0.144479895,0.136397705,0.153997745,0.136653766,50,16.66666667,50,11.11111111,50,16.66666667,50,0,50,0,50,0,45.33333333,0,47.094,41.17229189,47.02,37.52017834,46.914,45.05733255,47.2,-2.611847397,-2.417794848,-2.612575315,-2.527272243,-2.613620408,-2.431575849,-2.61080709,0,0,0,0,0,0,-4.666666667,0,0,0,0,0,0,0,0,0,0,0,0,0,50,0,0,0,50,0,50,0,0,0,50,0
-16.14794434,1.990694028,-1.879215163,-1.123160172,0.476945764,0,1.258877963,-1.188380797,0.041216196,0.87327497,0.006374167,0.017704735,0.01501606,0.029381033,0.000547193,0.057701841,1.258877963,0.092864784,0.261823147,0.172747647,0.596965515,0,0.370957817,-1.188380797,0,-0.073310481,0,-0.563535446,0,0,0.041216196,0.11608098,0.098981921,0.138198117,0.049499579,0.028945764,0.105987948,-23.19864042,-30.57863593,-29.04626795,-29.29333567,-28.28649213,-34.2614467,-27.27408252,0,0,0,-0.073310481,0,-0.167150344,0,0,-1.188380797,-1.188380797,0,0,0,-0.396385102,0,0,0,0,0,0,0,0,0,0,0,0,0,0,0,0,0,0
-8.547404278,1.990694028,-1.879215163,-0.0625,1.377551538,0,2.157631067,-2.036803727,0.706417521,0.500960779,0.003654094,0.023267063,0.006968498,0.443311264,0.003135085,0.018703216,2.157631067,0.986268033,1.407874209,1.0769347,2.047550923,1.092806109,1.224490256,-2.036803727,0,-0.394204779,0,-1.932888072,-0.30598571,0,0.706417521,0.123283504,0.133061282,0.134616838,0.606400787,0.103283504,0.153061282,-13.13116061,-20.51217987,-17.73539417,-19.54385279,-13.3145441,-20.74196794,-18.06290911,0,0,0,-0.394204779,0,-0.573314259,-0.30598571,0,-2.036803727,-2.036803727,0,0,0,-1.359573813,0,0,0,0,0,0,0,0,0,0,0,0,0,0,0,0,0,0
-4.699864811,1.990694028,-1.879215163,0.998160172,3.978750586,6,3.094583789,0,0.884166797,0.140716274,0.160169278,0.138401452,0.145090268,0.114140168,0.139654633,0.161827926,3.28573665,2.061528104,2.791196667,2.11819477,2.308974767,2.075423284,3.094583789,0,1.171864198,0,0.972486754,0,1.093209529,0,0.587013936,0.73298777,1.007553919,0.753135918,1.383775819,0.652436588,0.884166797,-9.399645547,-9.205417116,-9.424526183,-9.353729853,-9.713623128,-9.411005285,-9.189963604,0,0,0,0,0,0,-0.581118519,0,0,0,0,0,0,0,0,0,0,0,0,0,0.972486754,0,0,0,0,0,1.171864198,0,0,0,1.674328049,0
-4.384466714,1.990694028,1.990694028,-1.123160172,4.346854955,1,1.812824424,1.932168699,0.75534351,0.141547283,0.166834771,0.134819439,0.145395396,0.10797176,0.144587968,0.158843382,3.598045431,1.812824424,3.061667619,2.322697197,2.539140244,2.291800045,3.380887187,0,1.932168699,0,1.066376091,0,1.207183936,0,0.642809524,0.75534351,1.105187336,0.825847892,1.521714711,0.720457467,0.965967768,-8.932738744,-8.686183582,-9.005784877,-8.892504124,-9.338884905,-8.900857325,-8.759811422,0,0,0,0,0,0,-0.641704013,0,0,0,0,0,0,0,0,0,0,0,0,0,1.066376091,0,0,0,1.932168699,0,1.932168699,0,0,0,1.848887948,0
-3.692953163,1.990694028,1.990694028,-0.0625,5.247460728,1,2.213093657,1.965657491,1.229496476,0.134730602,0.164350262,0.134813142,0.147106483,0.098689636,0.162098262,0.158211612,4.362141474,2.213093657,4.468083653,2.25842699,3.102264115,2.115891289,4.081358344,-0.457540172,1.965657491,-0.417021141,1.620107695,0,1.893757108,0,1.137051993,1.229496476,0.962635909,1.254681661,1.859196613,1.255772879,1.166102384,-8.005950406,-7.707866436,-8.005031751,-7.874131226,-8.472896369,-7.728562212,-7.764966099,0,0,0,-0.417021141,0,0,-0.592449561,0,0,-0.457540172,0,0,0,0,0,0,0,0,0,0,1.620107695,0,0,0,1.965657491,0,1.965657491,0,0,0,2.486206669,0
-2.889189494,1.990694028,1.990694028,0.998160172,7.848659777,1,2.526886592,2.87278929,2.807651769,0.134104088,0.149547928,0.141737999,0.142241168,0.138736375,0.147729514,0.145902928,6.56906259,2.526886592,4.507742665,4.268144321,4.728721908,2.175104307,4.360366543,-2.067065028,2.87278929,0,0,-0.495990387,3.273649874,0,2.789754363,2.807651769,3.160917112,3.414515456,3.265985244,2.720354032,3.488293234,-6.855965153,-6.692464175,-6.772919159,-6.767603594,-6.805026249,-6.710815076,-6.729477289,0,0,0,0,0,-0.495990387,-0.609029206,0,0,-2.067065028,0,0,0,0,0,0,0,0,0,0,0,0,0,0,2.87278929,0,2.87278929,0,0,0,3.88267908,0
-2.806916885,1.990694028,5.976700494,-1.123160172,8.332861421,1,1.792191427,4.457080513,2.787853331,0.133324586,0.151374743,0.141281444,0.141432362,0.138313751,0.149337566,0.144935549,6.979871149,1.792191427,4.792362986,4.537145234,5.031479799,2.317414468,4.629367456,-2.196332788,4.457080513,0,0,0,3.487834379,0,2.964216846,2.787853331,3.360498435,3.629716187,3.015381622,2.898338149,3.703493965,-6.746345769,-6.55588799,-6.659394806,-6.657793351,-6.691238753,-6.57621181,-6.621092009,0,0,0,0,0,0,-0.648876051,0,0,-2.196332788,0,0,0,0,0,0,0,0,0,0,0,0,0,0,4.457080513,0,4.457080513,0,0,0,4.13671043,0
-2.653534497,1.990694028,5.976700494,-0.0625,9.233467195,1,1.992326043,4.954804185,3.099173845,0.130907111,0.158736307,0.139365354,0.139999079,0.137299341,0.151431762,0.142261045,7.743967192,1.992326043,5.321751326,4.02998542,5.555555556,2.582108638,6.155644796,-2.436768343,4.954804185,0,1.734572891,0,4.808054226,0,3.288713719,3.099173845,3.731715869,3.358321183,3.391911639,2.508634002,3.077822398,-6.552907844,-6.263773266,-6.458991436,-6.452186074,-6.481394562,-6.334437172,-6.428144259,0,0,0,0,0,0,-0.722990419,0,0,-2.436768343,0,0,0,0,0,0,0,0,0,0,1.734572891,0,0,0,4.954804185,0,4.954804185,0,0,0,5.531044644,0
-2.27704985,1.990694028,5.976700494,0.998160172,11.83466624,1,2.570370276,6.392368079,3.998353763,0.130855436,0.1591498,0.137659066,0.14432619,0.126761286,0.1585127,0.142735521,9.950888309,2.570370276,8.563464444,2.593036943,5.555555556,1.673309376,7.889777496,-2.087475236,6.392368079,-0.266418894,5.208402815,0,6.563850785,0,3.409893053,3.998353763,3.323274006,4.033613022,5.993110688,4.623140675,3.944888748,-6.012305476,-5.718676388,-5.936275099,-5.865331315,-6.059986713,-5.724693157,-5.881955117,0,0,0,-0.266418894,0,0,-0.468526625,0,0,-2.087475236,0,0,0,0,0,0,0,0,0,0,5.208402815,0,0,0,6.392368079,0,6.392368079,0,0,0,7.03237741,0
-2.200610972,1.990694028,10.08228715,-1.123160172,12.43844808,1,2.704544018,5.380840576,5.258835591,0.131404691,0.158463823,0.137729107,0.143976152,0.127918752,0.157117309,0.143390166,10.46315164,2.704544018,9.007103429,2.727210685,11.11111111,1.762037173,8.292298721,-2.194936699,5.380840576,-0.560441991,5.477905684,-3.496296296,6.911901198,0,3.585431469,5.258835591,3.73953454,4.242327732,4.052525279,4.868284277,4.14614936,-5.896059203,-5.615192436,-5.825548771,-5.759010406,-5.93638894,-5.627992834,-5.765127887,0,0,0,-0.560441991,0,-3.111111111,-0.493370409,0,0,-2.194936699,0,0,0,-0.385185185,0,0,0,0,0,0,5.477905684,0,0,0,5.380840576,0,5.380840576,0,0,0,7.405271607,0
-2.102522904,1.990694028,10.08228715,-0.0625,13.33905385,5,1.894384258,7.431055952,5.233942415,0.131563959,0.156600993,0.138319924,0.1432465,0.132035281,0.156885439,0.141347904,11.11111111,1.452339317,7.735071083,4.391017952,11.11111111,1.894384258,8.89270257,-2.330864198,8.255742163,0,4.031930261,-2.330864198,7.431055952,0,3.944354157,5.163873128,5.423982772,4.878908835,3.972312254,5.233942415,4.446351285,-5.75333931,-5.492027296,-5.678225048,-5.625728598,-5.747975231,-5.4893052,-5.645742597,-0.530427592,0,0,0,0,-2.330864198,-0.530427592,0,0,-2.330864198,0,0,0,0,0,0,0,0,0,0,4.031930261,0,0,0,7.961483544,0,8.255742163,0,0,0,7.961483544,0
-1.857319637,1.990694028,10.08228715,0.998160172,15.9402529,1,1.741361434,9.898672328,6.19150732,0.134726708,0.158707327,0.137485069,0.139706848,0.133864867,0.156596378,0.138912804,11.11111111,1.741361434,9.264091313,3.505389534,11.11111111,2.276639316,8.855696058,-1.165432099,9.898672328,0,7.040964367,-1.165432099,8.930518749,0,5.634347499,6.19150732,6.496161591,5.452828164,5.558326548,6.290064451,7.084556846,-5.365570979,-5.1198508,-5.33517051,-5.311124067,-5.375197236,-5.139936011,-5.31967385,0,0,0,0,0,-1.165432099,-0.637459008,0,0,-1.165432099,0,0,0,0,0,0,0,0,0,0,7.040964367,0,0,0,9.898672328,0,9.898672328,0,0,0,9.567977758,0
-1.796835245,1.990694028,14.31104141,-1.123160172,16.66720234,1,1.822133594,10.35781718,6.478697221,0.136046538,0.159367661,0.136512574,0.13961468,0.13388658,0.156927111,0.137644856,11.11111111,1.822133594,9.691402093,3.666933854,11.11111111,2.383467011,9.259556856,0,10.35781718,0,7.365444082,0,9.349569202,0,5.45009123,6.478697221,6.795800248,5.704119328,5.27009123,6.585215766,7.407645485,-5.264038508,-5.026713234,-5.258908948,-5.225204522,-5.288044506,-5.049861883,-5.246518741,0,0,0,0,0,0,-0.667370763,0,0,0,0,0,0,0,0,0,0,0,0,0,7.365444082,0,0,0,10.35781718,0,10.35781718,0,0,0,10.01693996,0
-1.727162414,1.990694028,14.31104141,-0.0625,17.56780812,1,1.922200902,10.92664424,6.834492095,0.13670152,0.158671454,0.1357707,0.139954251,0.134897813,0.156807656,0.137196607,11.11111111,1.922200902,10.22079043,3.86706847,11.11111111,2.515814096,11.71187208,0,10.92664424,0,7.767436696,0,9.868723956,0,6.350697004,6.834492095,7.167017682,6.015439842,6.170697004,6.950873904,5.855936038,-5.156740067,-4.933186254,-5.166988702,-5.121466476,-5.176663527,-4.95090996,-5.151317382,0,0,0,0,0,0,-0.704427947,0,0,0,0,0,0,0,0,0,0,0,0,0,7.767436696,0,0,0,10.92664424,0,10.92664424,0,0,0,10.5731519,0
-1.557970373,1.990694028,14.31104141,0.998160172,20.16900716,1,2.211223018,12.5695744,7.862126287,0.135464546,0.158611916,0.136539029,0.141453537,0.134283966,0.156015196,0.137631811,11.11111111,2.211223018,11.74981066,2.222556352,11.11111111,2.898069153,13.44600478,0,12.5695744,0,10.20400316,0,11.36818675,0,8.951896053,7.862126287,8.239196501,7.902422583,8.771896053,8.006995939,6.723002388,-4.927502146,-4.690876409,-4.915651323,-4.862610117,-4.94063201,-4.715636955,-4.903693951,0,0,0,0,0,0,-0.811459363,0,0,0,0,0,0,0,0,0,0,0,0,0,10.20400316,0,0,0,12.5695744,0,12.5695744,0,0,0,12.17964612,0
-1.510052305,1.990694028,18.6666583,-1.123160172,21.02281923,1,2.306091026,13.10884632,8.199434757,0.134516072,0.159217808,0.137442881,0.141330917,0.1334658,0.156501017,0.137525506,11.11111111,2.306091026,12.25169302,2.317424359,11.11111111,3.023539743,14.01521282,0,13.10884632,0,10.63955272,0,11.86036725,0,9.805708118,8.199434757,8.591126206,8.239731054,9.625708118,8.353655199,7.00760641,-4.86926746,-4.616383299,-4.836980359,-4.795136879,-4.881025084,-4.642199218,-4.836078893,0,0,0,0,0,0,-0.846591128,0,0,0,0,0,0,0,0,0,0,0,0,0,10.63955272,0,0,0,13.10884632,0,13.10884632,0,0,0,12.70695837,0
-1.46051165,1.990694028,18.6666583,-0.0625,21.923425,1,2.406158334,13.67767337,8.555229631,0.133094348,0.159827277,0.138055546,0.141181459,0.133197635,0.156980595,0.13766314,11.11111111,2.406158334,12.78108136,2.417491667,16.66666667,3.155886828,12.17968056,0,13.67767337,0,11.09897285,-3.496296296,12.379522,0,10.70631389,8.555229631,8.962343639,8.595525927,8.016312601,8.719313338,9.743744446,-4.814094124,-4.539540947,-4.759197344,-4.725612505,-4.812930512,-4.566498212,-4.763466982,0,0,0,0,0,-3.496296296,-0.883648312,0,0,0,0,0,0,0,0,0,0,0,0,0,11.09897285,0,0,0,13.67767337,0,13.67767337,0,0,0,13.26317031,0
-1.325427712,1.990694028,18.6666583,0.998160172,24.52462405,1,2.69518045,15.32060354,9.582863823,0.135964421,0.158205128,0.136598624,0.141028847,0.1345546,0.156427209,0.137221171,16.66666667,2.69518045,14.31010159,2.706513784,16.66666667,3.538141886,16.34974937,0,15.32060354,0,12.4259055,0,13.8789848,0,7.751957385,9.582863823,10.03452246,9.623160119,7.571957385,9.775435373,8.174874684,-4.588028902,-4.360780056,-4.581048453,-4.533172075,-4.603663661,-4.377732588,-4.574227743,0,0,0,0,0,0,-0.990679728,0,0,0,0,0,0,0,0,0,0,0,0,0,12.4259055,0,0,0,15.32060354,0,15.32060354,0,0,0,14.86966452,0
-1.27704395,1.990694028,23.1529437,-1.123160172,25.50910462,1,2.80456718,15.94240633,9.971794419,0.136781088,0.157519198,0.136157533,0.141077046,0.135553459,0.155663563,0.137248115,16.66666667,2.80456718,14.88879268,2.815900514,16.66666667,3.682814658,17.00606975,0,15.94240633,0,12.92811214,0,14.44648923,0,8.736437957,9.971794419,10.44031194,10.01209072,8.556437957,10.17514782,8.503034875,-4.509593631,-4.29784524,-4.516447438,-4.463207004,-4.523117113,-4.315620711,-4.504480737,0,0,0,0,0,0,-1.031188104,0,0,0,0,0,0,0,0,0,0,0,0,0,12.92811214,0,0,0,15.94240633,0,15.94240633,0,0,0,15.47767733,0
-1.235872578,1.990694028,23.1529437,-0.0625,26.4097104,1,2.904634489,16.51123338,10.32758929,0.137136097,0.157233046,0.136046649,0.14142389,0.136042719,0.155301543,0.136816056,16.66666667,2.904634489,15.41818102,2.915967822,16.66666667,3.815161743,17.6064736,0,16.51123338,0,13.38753227,0,14.96564398,0,9.637043731,10.32758929,10.81152938,10.36788559,9.457043731,10.54080595,8.803236799,-4.446613931,-4.241481079,-4.458577935,-4.400432153,-4.45862127,-4.260021689,-4.450118639,0,0,0,0,0,0,-1.068245288,0,0,0,0,0,0,0,0,0,0,0,0,0,13.38753227,0,0,0,16.51123338,0,16.51123338,0,0,0,16.03388927,0
-1.130567487,1.990694028,23.1529437,0.998160172,29.01090945,1,3.193656605,18.15416355,11.35522348,0.136882111,0.15731585,0.136965508,0.140736265,0.136063984,0.155653946,0.136382335,16.66666667,3.193656605,16.94720125,3.204989938,16.66666667,4.1974168,16.11717191,0,18.15416355,0,14.71446492,0,16.46510678,0,12.23824278,11.35522348,11.88370819,11.39551978,12.05824278,11.59692799,12.89373753,-4.298299144,-4.08959587,-4.29738553,-4.256647705,-4.307291362,-4.105526354,-4.303785885,0,0,0,0,0,0,-1.175276704,0,0,0,0,0,0,0,0,0,0,0,0,0,14.71446492,0,0,0,18.15416355,0,18.15416355,0,0,0,17.64038349,0
-1.090205271,1.990694028,27.77381765,-1.123160172,30.12997858,1,3.31799762,18.86097314,11.79732487,0.136393375,0.157371252,0.137046576,0.140850305,0.135659751,0.155707365,0.136971375,16.66666667,3.31799762,17.60500533,3.329330953,16.66666667,4.36186782,16.73887699,0,18.86097314,0,15.28532833,0,17.11019487,0,13.35731191,11.79732487,12.34497325,11.83762117,13.17731191,12.05128521,13.39110159,-4.245738455,-4.031141702,-4.238571955,-4.197506721,-4.25382833,-4.047085642,-4.239395268,0,0,0,0,0,0,-1.22132299,0,0,0,0,0,0,0,0,0,0,0,0,0,15.28532833,0,0,0,18.86097314,0,18.86097314,0,0,0,18.33151786,0
-1.05940475,1.990694028,27.77381765,-0.0625,31.03058435,1,3.418064928,19.42980019,12.15311974,0.135885162,0.15757375,0.13697983,0.141085014,0.135209527,0.15582694,0.137439778,16.66666667,3.418064928,18.13439367,3.429398262,16.66666667,4.494214905,17.23921353,0,19.42980019,0,15.74474846,0,17.62934963,0,14.25791769,12.15311974,12.71619068,12.19341604,14.07791769,12.41694335,13.79137082,-4.207137712,-3.985012505,-4.195102375,-4.150808945,-4.214614464,-4.001733862,-4.190074146,0,0,0,0,0,0,-1.258380173,0,0,0,0,0,0,0,0,0,0,0,0,0,15.74474846,0,0,0,19.42980019,0,19.42980019,0,0,0,18.8877298,0
-0.971376465,1.990694028,27.77381765,0.998160172,33.6317834,1,3.707087045,21.07273036,13.18075394,0.136282641,0.157854898,0.136539983,0.141470867,0.135386225,0.155874196,0.13659119,22.22222222,3.707087045,19.6634139,3.718420378,22.22222222,4.876469962,18.68432411,0,21.07273036,0,17.07168111,0,19.12881243,0,11.30356118,13.18075394,13.7883695,13.22105023,11.12356118,13.47306538,14.94745929,-4.076368878,-3.855950978,-4.073539113,-4.020324629,-4.086267906,-3.874891469,-4.072976666,0,0,0,0,0,0,-1.365411589,0,0,0,0,0,0,0,0,0,0,0,0,0,17.07168111,0,0,0,21.07273036,0,21.07273036,0,0,0,20.49422402,0
-0.930414541,1.990694028,32.53331783,-1.123160172,34.88947876,1,3.846830973,21.86709695,13.67762124,0.136782073,0.157600335,0.136362994,0.14111231,0.135989814,0.155928903,0.136223571,22.22222222,3.846830973,20.40270436,3.858164306,22.22222222,5.061292577,19.38304375,0,21.86709695,0,17.71326101,0,19.85381169,0,12.56125653,13.67762124,14.3067744,13.71791753,12.38125653,13.98370673,15.506435,-4.012095208,-3.799585178,-4.016698028,-3.965344483,-4.020808659,-3.8155784,-4.018232471,0,0,0,0,0,0,-1.417161922,0,0,0,0,0,0,0,0,0,0,0,0,0,17.71326101,0,0,0,21.86709695,0,21.86709695,0,0,0,21.27097361,0
-0.902846895,1.990694028,32.53331783,-0.0625,35.79008453,1,3.946898281,22.43592401,14.03341611,0.136952892,0.157309459,0.136398437,0.141026273,0.136223147,0.155935836,0.136153957,22.22222222,3.946898281,20.9320927,3.958231614,22.22222222,5.193639662,23.86005635,0,22.43592401,0,18.17268115,0,20.37296644,0,13.46186231,14.03341611,14.67799183,14.07371241,13.28186231,14.34936487,11.93002818,-3.970641011,-3.762774116,-3.976726101,-3.926677218,-3.97865504,-3.77592961,-3.979417102,0,0,0,0,0,0,-1.454219105,0,0,0,0,0,0,0,0,0,0,0,0,0,18.17268115,0,0,0,22.43592401,0,22.43592401,0,0,0,21.82718555,0
-0.8295563,1.990694028,32.53331783,0.998160172,38.39128358,1,4.235920398,24.07885417,15.0610503,0.136772651,0.157088849,0.136531124,0.141331415,0.136183558,0.155570902,0.1365215,22.22222222,4.235920398,22.22222222,4.247253731,22.22222222,5.555555556,25.59418905,0,24.07885417,0,19.4996138,0,21.8745993,0,16.06306136,15.0610503,15.98906136,15.1013466,15.88306136,15.42362128,12.79709453,-3.86744296,-3.659705709,-3.870094149,-3.818261665,-3.873917558,-3.674270669,-3.870199892,0,0,0,0,0,0,-1.555555556,0,0,0,0,0,0,0,0,0,0,0,0,0,19.4996138,0,0,0,24.07885417,0,24.07885417,0,0,0,23.43015486,0
-0.792953035,1.990694028,37.43560301,-1.123160172,39.79176394,1,4.391529326,24.96340448,15.61432649,0.13632276,0.15721468,0.136105035,0.141718023,0.135791825,0.155924035,0.136923642,22.22222222,4.391529326,22.22222222,4.40286266,22.22222222,5.555555556,26.52784262,0,24.96340448,0,20.21403168,0,23.3694826,0,17.46354171,15.61432649,17.38954171,15.65462279,17.28354171,15.65531094,13.26392131,-3.81986791,-3.60598749,-3.822265524,-3.761646881,-3.825721356,-3.618352477,-3.813270763,0,0,0,0,0,0,-1.555555556,0,0,0,0,0,0,0,0,0,0,0,0,0,20.21403168,0,0,0,24.96340448,0,24.96340448,0,0,0,24.92503816,0
-0.770805957,1.990694028,37.43560301,-0.0625,40.69236971,1,4.491596634,25.53223154,15.97012137,0.136000312,0.157397197,0.13592747,0.142099785,0.135501744,0.156187248,0.136886244,22.22222222,4.491596634,27.77777778,4.502929968,22.22222222,5.555555556,27.12824647,0,25.53223154,-1.728395062,20.67345181,0,23.9179944,0,18.36414749,15.97012137,14.24016254,16.01041766,18.18414749,16.12705682,13.56412324,-3.791630235,-3.572457212,-3.792433853,-3.725821723,-3.797139233,-3.584032607,-3.781890629,0,0,0,-1.728395062,0,0,-1.555555556,0,0,0,0,0,0,0,0,0,0,0,0,0,20.67345181,0,0,0,25.53223154,0,25.53223154,0,0,0,25.47354996,0
-0.704449457,1.990694028,37.43560301,0.998160172,43.29356876,1,4.780618751,27.1751617,16.99775556,0.136791244,0.156730779,0.136588968,0.141447351,0.136171863,0.156021055,0.13624874,27.77777778,4.780618751,27.77777778,4.791952084,27.77777778,0,28.86237917,0,27.1751617,-0.864197531,22.00038446,0,33.33333333,0,15.40979098,16.99775556,16.08857629,17.03805186,15.22979098,16.78354113,14.43118959,-3.687663699,-3.483553371,-3.689883425,-3.637456342,-3.694471011,-3.490361241,-3.69362441,0,0,0,-0.864197531,0,0,0,0,0,0,0,0,0,0,0,0,0,0,0,0,22.00038446,0,0,0,27.1751617,0,27.1751617,0,0,0,33.33333333,0
-0.667915221,1.990694028,42.48495675,-1.123160172,44.84111767,1,4.95256863,27.77777778,17.90219269,0.137014265,0.156524331,0.136787562,0.141271023,0.1364614,0.155743275,0.136198144,27.77777778,4.95256863,27.77777778,4.963901964,27.77777778,0,24.91173204,0,27.77777778,0,22.78982546,0,33.33333333,0,16.95733989,17.90219269,16.88333989,17.6494292,16.77733989,18.33109005,19.92938563,-3.632811679,-3.433122043,-3.635295623,-3.586918958,-3.638876557,-3.440625783,-3.641773097,0,0,0,0,0,0,0,0,0,0,0,0,0,0,0,0,0,0,0,0,22.78982546,0,0,0,27.77777778,0,27.77777778,0,0,0,33.33333333,0
-0.647942132,1.990694028,42.48495675,-0.0625,45.74172345,1,5.052635938,27.77777778,18.70273115,0.137066124,0.156368975,0.136853008,0.141297174,0.136546455,0.155537869,0.136330396,27.77777778,5.052635938,27.77777778,5.063969272,27.77777778,0,25.41206858,0,27.77777778,0,23.24924559,0,33.33333333,0,17.85794567,18.70273115,17.78394567,18.00522408,17.67794567,19.23169582,20.32965486,-3.603585323,-3.40595287,-3.605919402,-3.557982595,-3.609283196,-3.413946679,-3.611658541,0,0,0,0,0,0,0,0,0,0,0,0,0,0,0,0,0,0,0,0,23.24924559,0,0,0,27.77777778,0,27.77777778,0,0,0,33.33333333,0
-0.592064048,1.990694028,42.48495675,0.998160172,48.34292249,1,0,38.88888889,17.6692236,0.136627718,0.156671208,0.136447304,0.14144466,0.136187917,0.156080631,0.136540563,27.77777778,0,27.77777778,5.352991388,27.77777778,5.555555556,26.85717916,0,38.88888889,0,24.57617824,0,31.77777778,0,20.45914472,17.6692236,20.38514472,19.03285827,20.27914472,17.63235286,21.48574333,-3.528211415,-3.322877089,-3.530193447,-3.476238362,-3.533047666,-3.328542069,-3.529168569,0,0,0,0,0,0,-1.555555556,0,0,0,0,0,0,0,0,0,0,0,0,0,24.57617824,0,0,0,38.88888889,0,38.88888889,0,0,0,33.33333333,0
-0.559201049,1.990694028,47.68579109,-1.123160172,50.04195202,1,0,38.88888889,19.36825312,0.136276307,0.157098509,0.136112802,0.141566537,0.135877787,0.156558341,0.136509718,27.77777778,0,27.77777778,5.541772447,27.77777778,0,27.77777778,0,38.88888889,0,25.44289306,0,38.88888889,0,22.15817424,19.36825312,22.08417424,19.70407981,21.97817424,19.18825312,22.26417424,-3.484936372,-3.27165353,-3.486737159,-3.427808362,-3.489329319,-3.276820018,-3.4823694,0,0,0,0,0,0,0,0,0,0,0,0,0,0,0,0,0,0,0,0,25.44289306,0,0,0,38.88888889,0,38.88888889,0,0,0,38.88888889,0
-0.541059307,1.990694028,47.68579109,-0.0625,50.94255779,1,0,38.88888889,20.2688589,0.136364436,0.156988194,0.136168417,0.141492783,0.135834787,0.156477139,0.136674244,33.33333333,0,33.33333333,5.555555556,33.33333333,0,33.33333333,0,38.88888889,-1.037037037,25.95183073,0,38.88888889,0,17.50322446,20.2688589,18.33256683,20.09822322,17.32322446,20.0888589,17.60922446,-3.457901057,-3.246641612,-3.460058799,-3.402524458,-3.463738498,-3.251532643,-3.454497051,0,0,0,-1.037037037,0,0,0,0,0,0,0,0,0,0,0,0,0,0,0,0,25.95183073,0,0,0,38.88888889,0,38.88888889,0,0,0,38.88888889,0
-0.489820238,1.990694028,47.68579109,0.998160172,53.54375684,1,0,44.44444444,18.52638667,0.136687316,0.156450097,0.13650299,0.141288663,0.136237964,0.155882603,0.136950367,33.33333333,0,33.33333333,5.555555556,33.33333333,0,33.33333333,0,44.44444444,0,27.44462996,0,44.44444444,0,20.10442351,18.52638667,20.03042351,21.25431168,19.92442351,18.34638667,20.21042351,-3.380811715,-3.178250005,-3.382835864,-3.331148062,-3.385751006,-3.183700879,-3.377927782,0,0,0,0,0,0,0,0,0,0,0,0,0,0,0,0,0,0,0,0,27.44462996,0,0,0,44.44444444,0,44.44444444,0,0,0,44.44444444,0
-0.455361265,1.990694028,53.04265047,-1.123160172,55.3988114,1,0,44.44444444,20.38144123,0.136557653,0.15679402,0.136392028,0.141021266,0.13615396,0.156286988,0.136794084,33.33333333,0,33.33333333,5.555555556,33.33333333,0,33.33333333,0,44.44444444,0,27.77777778,0,44.44444444,0,21.95947806,20.38144123,21.88547806,22.78686109,21.77947806,20.20144123,22.06547806,-3.332808183,-3.125529067,-3.334628574,-3.284562465,-3.337249069,-3.130387551,-3.330213381,0,0,0,0,0,0,0,0,0,0,0,0,0,0,0,0,0,0,0,0,27.77777778,0,0,0,44.44444444,0,44.44444444,0,0,0,44.44444444,0
-0.439930135,1.990694028,53.04265047,-0.0625,56.29941717,1,0,44.44444444,21.282047,0.136507414,0.156943056,0.136349654,0.140883038,0.136122919,0.156461273,0.136732646,33.33333333,0,33.33333333,5.555555556,33.33333333,0,33.33333333,0,44.44444444,0,27.77777778,0,44.44444444,0,22.86008384,21.282047,22.78608384,23.68746686,22.68008384,21.102047,22.96608384,-3.311226428,-3.101970261,-3.312960963,-3.263899781,-3.315457378,-3.10658204,-3.308753527,0,0,0,0,0,0,0,0,0,0,0,0,0,0,0,0,0,0,0,0,27.77777778,0,0,0,44.44444444,0,44.44444444,0,0,0,44.44444444,0
,,,,,,,,,,,,,,,,,,,,,,,,,,,,,,,,,,,,,,,,,,,,,,,,,,,,,,,,,,,,,,,,,,,,,,,,,,,
,,,,,,,,,,,,,,,,,,,,,,,,,,,,,,,,,,,,,,,,,,,,,,,,,,,,,,,,,,,,,,,,,,,,,,,,,,,
,,,,,,,,,,,,,,,,,,,,,,,,,,,,,,,,,,,,,,,,,,,,,,,,,,,,,,,,,,,,,,,,,,,,,,,,,,,
,,,,,,,,,,,,,,,,,,,,,,,,,,,,,,,,,,,,,,,,,,,,,,,,,,,,,,,,,,,,,,,,,,,,,,,,,,,
,,,,,,,,,,,,,,,,,,,,,,,,,,,,,,,,,,,,,,,,,,,,,,,,,,,,,,,,,,,,,,,,,,,,,,,,,,,
,,,,,,,,,,,,,,,,,,,,,,,,,,,,,,,,,,,,,,,,,,,,,,,,,,,,,,,,,,,,,,,,,,,,,,,,,,,
,,,,,,,,,,,,,,,,,,,,,,,,,,,,,,,,,,,,,,,,,,,,,,,,,,,,,,,,,,,,,,,,,,,,,,,,,,,
,,,,,,,,,,,,,,,,,,,,,,,,,,,,,,,,,,,,,,,,,,,,,,,,,,,,,,,,,,,,,,,,,,,,,,,,,,,
,,,,,,,,,,,,,,,,,,,,,,,,,,,,,,,,,,,,,,,,,,,,,,,,,,,,,,,,,,,,,,,,,,,,,,,,,,,
,,,,,,,,,,,,,,,,,,,,,,,,,,,,,,,,,,,,,,,,,,,,,,,,,,,,,,,,,,,,,,,,,,,,,,,,,,,
,,,,,,,,,,,,,,,,,,,,,,,,,,,,,,,,,,,,,,,,,,,,,,,,,,,,,,,,,,,,,,,,,,,,,,,,,,,
,,,,,,,,,,,,,,,,,,,,,,,,,,,,,,,,,,,,,,,,,,,,,,,,,,,,,,,,,,,,,,,,,,,,,,,,,,,
,,,,,,,,,,,,,,,,,,,,,,,,,,,,,,,,,,,,,,,,,,,,,,,,,,,,,,,,,,,,,,,,,,,,,,,,,,,
,,,,,,,,,,,,,,,,,,,,,,,,,,,,,,,,,,,,,,,,,,,,,,,,,,,,,,,,,,,,,,,,,,,,,,,,,,,
,,,,,,,,,,,,,,,,,,,,,,,,,,,,,,,,,,,,,,,,,,,,,,,,,,,,,,,,,,,,,,,,,,,,,,,,,,,
,,,,,,,,,,,,,,,,,,,,,,,,,,,,,,,,,,,,,,,,,,,,,,,,,,,,,,,,,,,,,,,,,,,,,,,,,,,
,,,,,,,,,,,,,,,,,,,,,,,,,,,,,,,,,,,,,,,,,,,,,,,,,,,,,,,,,,,,,,,,,,,,,,,,,,,
,,,,,,,,,,,,,,,,,,,,,,,,,,,,,,,,,,,,,,,,,,,,,,,,,,,,,,,,,,,,,,,,,,,,,,,,,,,
,,,,,,,,,,,,,,,,,,,,,,,,,,,,,,,,,,,,,,,,,,,,,,,,,,,,,,,,,,,,,,,,,,,,,,,,,,,
,,,,,,,,,,,,,,,,,,,,,,,,,,,,,,,,,,,,,,,,,,,,,,,,,,,,,,,,,,,,,,,,,,,,,,,,,,,
,,,,,,,,,,,,,,,,,,,,,,,,,,,,,,,,,,,,,,,,,,,,,,,,,,,,,,,,,,,,,,,,,,,,,,,,,,,
,,,,,,,,,,,,,,,,,,,,,,,,,,,,,,,,,,,,,,,,,,,,,,,,,,,,,,,,,,,,,,,,,,,,,,,,,,,
,,,,,,,,,,,,,,,,,,,,,,,,,,,,,,,,,,,,,,,,,,,,,,,,,,,,,,,,,,,,,,,,,,,,,,,,,,,
,,,,,,,,,,,,,,,,,,,,,,,,,,,,,,,,,,,,,,,,,,,,,,,,,,,,,,,,,,,,,,,,,,,,,,,,,,,
,,,,,,,,,,,,,,,,,,,,,,,,,,,,,,,,,,,,,,,,,,,,,,,,,,,,,,,,,,,,,,,,,,,,,,,,,,,
,,,,,,,,,,,,,,,,,,,,,,,,,,,,,,,,,,,,,,,,,,,,,,,,,,,,,,,,,,,,,,,,,,,,,,,,,,,
,,,,,,,,,,,,,,,,,,,,,,,,,,,,,,,,,,,,,,,,,,,,,,,,,,,,,,,,,,,,,,,,,,,,,,,,,,,
,,,,,,,,,,,,,,,,,,,,,,,,,,,,,,,,,,,,,,,,,,,,,,,,,,,,,,,,,,,,,,,,,,,,,,,,,,,
,,,,,,,,,,,,,,,,,,,,,,,,,,,,,,,,,,,,,,,,,,,,,,,,,,,,,,,,,,,,,,,,,,,,,,,,,,,
,,,,,,,,,,,,,,,,,,,,,,,,,,,,,,,,,,,,,,,,,,,,,,,,,,,,,,,,,,,,,,,,,,,,,,,,,,,
,,,,,,,,,,,,,,,,,,,,,,,,,,,,,,,,,,,,,,,,,,,,,,,,,,,,,,,,,,,,,,,,,,,,,,,,,,,
,,,,,,,,,,,,,,,,,,,,,,,,,,,,,,,,,,,,,,,,,,,,,,,,,,,,,,,,,,,,,,,,,,,,,,,,,,,
,,,,,,,,,,,,,,,,,,,,,,,,,,,,,,,,,,,,,,,,,,,,,,,,,,,,,,,,,,,,,,,,,,,,,,,,,,,
,,,,,,,,,,,,,,,,,,,,,,,,,,,,,,,,,,,,,,,,,,,,,,,,,,,,,,,,,,,,,,,,,,,,,,,,,,,
,,,,,,,,,,,,,,,,,,,,,,,,,,,,,,,,,,,,,,,,,,,,,,,,,,,,,,,,,,,,,,,,,,,,,,,,,,,
,,,,,,,,,,,,,,,,,,,,,,,,,,,,,,,,,,,,,,,,,,,,,,,,,,,,,,,,,,,,,,,,,,,,,,,,,,,
,,,,,,,,,,,,,,,,,,,,,,,,,,,,,,,,,,,,,,,,,,,,,,,,,,,,,,,,,,,,,,,,,,,,,,,,,,,
,,,,,,,,,,,,,,,,,,,,,,,,,,,,,,,,,,,,,,,,,,,,,,,,,,,,,,,,,,,,,,,,,,,,,,,,,,,
,,,,,,,,,,,,,,,,,,,,,,,,,,,,,,,,,,,,,,,,,,,,,,,,,,,,,,,,,,,,,,,,,,,,,,,,,,,
,,,,,,,,,,,,,,,,,,,,,,,,,,,,,,,,,,,,,,,,,,,,,,,,,,,,,,,,,,,,,,,,,,,,,,,,,,,
,,,,,,,,,,,,,,,,,,,,,,,,,,,,,,,,,,,,,,,,,,,,,,,,,,,,,,,,,,,,,,,,,,,,,,,,,,,
,,,,,,,,,,,,,,,,,,,,,,,,,,,,,,,,,,,,,,,,,,,,,,,,,,,,,,,,,,,,,,,,,,,,,,,,,,,
,,,,,,,,,,,,,,,,,,,,,,,,,,,,,,,,,,,,,,,,,,,,,,,,,,,,,,,,,,,,,,,,,,,,,,,,,,,
,,,,,,,,,,,,,,,,,,,,,,,,,,,,,,,,,,,,,,,,,,,,,,,,,,,,,,,,,,,,,,,,,,,,,,,,,,,
,,,,,,,,,,,,,,,,,,,,,,,,,,,,,,,,,,,,,,,,,,,,,,,,,,,,,,,,,,,,,,,,,,,,,,,,,,,
,,,,,,,,,,,,,,,,,,,,,,,,,,,,,,,,,,,,,,,,,,,,,,,,,,,,,,,,,,,,,,,,,,,,,,,,,,,
,,,,,,,,,,,,,,,,,,,,,,,,,,,,,,,,,,,,,,,,,,,,,,,,,,,,,,,,,,,,,,,,,,,,,,,,,,,
,,,,,,,,,,,,,,,,,,,,,,,,,,,,,,,,,,,,,,,,,,,,,,,,,,,,,,,,,,,,,,,,,,,,,,,,,,,
,,,,,,,,,,,,,,,,,,,,,,,,,,,,,,,,,,,,,,,,,,,,,,,,,,,,,,,,,,,,,,,,,,,,,,,,,,,
,,,,,,,,,,,,,,,,,,,,,,,,,,,,,,,,,,,,,,,,,,,,,,,,,,,,,,,,,,,,,,,,,,,,,,,,,,,
,,,,,,,,,,,,,,,,,,,,,,,,,,,,,,,,,,,,,,,,,,,,,,,,,,,,,,,,,,,,,,,,,,,,,,,,,,,
,,,,,,,,,,,,,,,,,,,,,,,,,,,,,,,,,,,,,,,,,,,,,,,,,,,,,,,,,,,,,,,,,,,,,,,,,,,
,,,,,,,,,,,,,,,,,,,,,,,,,,,,,,,,,,,,,,,,,,,,,,,,,,,,,,,,,,,,,,,,,,,,,,,,,,,
,,,,,,,,,,,,,,,,,,,,,,,,,,,,,,,,,,,,,,,,,,,,,,,,,,,,,,,,,,,,,,,,,,,,,,,,,,,
,,,,,,,,,,,,,,,,,,,,,,,,,,,,,,,,,,,,,,,,,,,,,,,,,,,,,,,,,,,,,,,,,,,,,,,,,,,
,,,,,,,,,,,,,,,,,,,,,,,,,,,,,,,,,,,,,,,,,,,,,,,,,,,,,,,,,,,,,,,,,,,,,,,,,,,
,,,,,,,,,,,,,,,,,,,,,,,,,,,,,,,,,,,,,,,,,,,,,,,,,,,,,,,,,,,,,,,,,,,,,,,,,,,
,,,,,,,,,,,,,,,,,,,,,,,,,,,,,,,,,,,,,,,,,,,,,,,,,,,,,,,,,,,,,,,,,,,,,,,,,,,
,,,,,,,,,,,,,,,,,,,,,,,,,,,,,,,,,,,,,,,,,,,,,,,,,,,,,,,,,,,,,,,,,,,,,,,,,,,
,,,,,,,,,,,,,,,,,,,,,,,,,,,,,,,,,,,,,,,,,,,,,,,,,,,,,,,,,,,,,,,,,,,,,,,,,,,
,,,,,,,,,,,,,,,,,,,,,,,,,,,,,,,,,,,,,,,,,,,,,,,,,,,,,,,,,,,,,,,,,,,,,,,,,,,
,,,,,,,,,,,,,,,,,,,,,,,,,,,,,,,,,,,,,,,,,,,,,,,,,,,,,,,,,,,,,,,,,,,,,,,,,,,
,,,,,,,,,,,,,,,,,,,,,,,,,,,,,,,,,,,,,,,,,,,,,,,,,,,,,,,,,,,,,,,,,,,,,,,,,,,
,,,,,,,,,,,,,,,,,,,,,,,,,,,,,,,,,,,,,,,,,,,,,,,,,,,,,,,,,,,,,,,,,,,,,,,,,,,
,,,,,,,,,,,,,,,,,,,,,,,,,,,,,,,,,,,,,,,,,,,,,,,,,,,,,,,,,,,,,,,,,,,,,,,,,,,
,,,,,,,,,,,,,,,,,,,,,,,,,,,,,,,,,,,,,,,,,,,,,,,,,,,,,,,,,,,,,,,,,,,,,,,,,,,
,,,,,,,,,,,,,,,,,,,,,,,,,,,,,,,,,,,,,,,,,,,,,,,,,,,,,,,,,,,,,,,,,,,,,,,,,,,
,,,,,,,,,,,,,,,,,,,,,,,,,,,,,,,,,,,,,,,,,,,,,,,,,,,,,,,,,,,,,,,,,,,,,,,,,,,
,,,,,,,,,,,,,,,,,,,,,,,,,,,,,,,,,,,,,,,,,,,,,,,,,,,,,,,,,,,,,,,,,,,,,,,,,,,
,,,,,,,,,,,,,,,,,,,,,,,,,,,,,,,,,,,,,,,,,,,,,,,,,,,,,,,,,,,,,,,,,,,,,,,,,,,
,,,,,,,,,,,,,,,,,,,,,,,,,,,,,,,,,,,,,,,,,,,,,,,,,,,,,,,,,,,,,,,,,,,,,,,,,,,
,,,,,,,,,,,,,,,,,,,,,,,,,,,,,,,,,,,,,,,,,,,,,,,,,,,,,,,,,,,,,,,,,,,,,,,,,,,
,,,,,,,,,,,,,,,,,,,,,,,,,,,,,,,,,,,,,,,,,,,,,,,,,,,,,,,,,,,,,,,,,,,,,,,,,,,
,,,,,,,,,,,,,,,,,,,,,,,,,,,,,,,,,,,,,,,,,,,,,,,,,,,,,,,,,,,,,,,,,,,,,,,,,,,
,,,,,,,,,,,,,,,,,,,,,,,,,,,,,,,,,,,,,,,,,,,,,,,,,,,,,,,,,,,,,,,,,,,,,,,,,,,
,,,,,,,,,,,,,,,,,,,,,,,,,,,,,,,,,,,,,,,,,,,,,,,,,,,,,,,,,,,,,,,,,,,,,,,,,,,
,,,,,,,,,,,,,,,,,,,,,,,,,,,,,,,,,,,,,,,,,,,,,,,,,,,,,,,,,,,,,,,,,,,,,,,,,,,
,,,,,,,,,,,,,,,,,,,,,,,,,,,,,,,,,,,,,,,,,,,,,,,,,,,,,,,,,,,,,,,,,,,,,,,,,,,
,,,,,,,,,,,,,,,,,,,,,,,,,,,,,,,,,,,,,,,,,,,,,,,,,,,,,,,,,,,,,,,,,,,,,,,,,,,
,,,,,,,,,,,,,,,,,,,,,,,,,,,,,,,,,,,,,,,,,,,,,,,,,,,,,,,,,,,,,,,,,,,,,,,,,,,
,,,,,,,,,,,,,,,,,,,,,,,,,,,,,,,,,,,,,,,,,,,,,,,,,,,,,,,,,,,,,,,,,,,,,,,,,,,
,,,,,,,,,,,,,,,,,,,,,,,,,,,,,,,,,,,,,,,,,,,,,,,,,,,,,,,,,,,,,,,,,,,,,,,,,,,
,,,,,,,,,,,,,,,,,,,,,,,,,,,,,,,,,,,,,,,,,,,,,,,,,,,,,,,,,,,,,,,,,,,,,,,,,,,
,,,,,,,,,,,,,,,,,,,,,,,,,,,,,,,,,,,,,,,,,,,,,,,,,,,,,,,,,,,,,,,,,,,,,,,,,,,
,,,,,,,,,,,,,,,,,,,,,,,,,,,,,,,,,,,,,,,,,,,,,,,,,,,,,,,,,,,,,,,,,,,,,,,,,,,
,,,,,,,,,,,,,,,,,,,,,,,,,,,,,,,,,,,,,,,,,,,,,,,,,,,,,,,,,,,,,,,,,,,,,,,,,,,
,,,,,,,,,,,,,,,,,,,,,,,,,,,,,,,,,,,,,,,,,,,,,,,,,,,,,,,,,,,,,,,,,,,,,,,,,,,
,,,,,,,,,,,,,,,,,,,,,,,,,,,,,,,,,,,,,,,,,,,,,,,,,,,,,,,,,,,,,,,,,,,,,,,,,,,
,,,,,,,,,,,,,,,,,,,,,,,,,,,,,,,,,,,,,,,,,,,,,,,,,,,,,,,,,,,,,,,,,,,,,,,,,,,
,,,,,,,,,,,,,,,,,,,,,,,,,,,,,,,,,,,,,,,,,,,,,,,,,,,,,,,,,,,,,,,,,,,,,,,,,,,
,,,,,,,,,,,,,,,,,,,,,,,,,,,,,,,,,,,,,,,,,,,,,,,,,,,,,,,,,,,,,,,,,,,,,,,,,,,
,,,,,,,,,,,,,,,,,,,,,,,,,,,,,,,,,,,,,,,,,,,,,,,,,,,,,,,,,,,,,,,,,,,,,,,,,,,
,,,,,,,,,,,,,,,,,,,,,,,,,,,,,,,,,,,,,,,,,,,,,,,,,,,,,,,,,,,,,,,,,,,,,,,,,,,
,,,,,,,,,,,,,,,,,,,,,,,,,,,,,,,,,,,,,,,,,,,,,,,,,,,,,,,,,,,,,,,,,,,,,,,,,,,
,,,,,,,,,,,,,,,,,,,,,,,,,,,,,,,,,,,,,,,,,,,,,,,,,,,,,,,,,,,,,,,,,,,,,,,,,,,
,,,,,,,,,,,,,,,,,,,,,,,,,,,,,,,,,,,,,,,,,,,,,,,,,,,,,,,,,,,,,,,,,,,,,,,,,,,
,,,,,,,,,,,,,,,,,,,,,,,,,,,,,,,,,,,,,,,,,,,,,,,,,,,,,,,,,,,,,,,,,,,,,,,,,,,
,,,,,,,,,,,,,,,,,,,,,,,,,,,,,,,,,,,,,,,,,,,,,,,,,,,,,,,,,,,,,,,,,,,,,,,,,,,
,,,,,,,,,,,,,,,,,,,,,,,,,,,,,,,,,,,,,,,,,,,,,,,,,,,,,,,,,,,,,,,,,,,,,,,,,,,
,,,,,,,,,,,,,,,,,,,,,,,,,,,,,,,,,,,,,,,,,,,,,,,,,,,,,,,,,,,,,,,,,,,,,,,,,,,
,,,,,,,,,,,,,,,,,,,,,,,,,,,,,,,,,,,,,,,,,,,,,,,,,,,,,,,,,,,,,,,,,,,,,,,,,,,
,,,,,,,,,,,,,,,,,,,,,,,,,,,,,,,,,,,,,,,,,,,,,,,,,,,,,,,,,,,,,,,,,,,,,,,,,,,
,,,,,,,,,,,,,,,,,,,,,,,,,,,,,,,,,,,,,,,,,,,,,,,,,,,,,,,,,,,,,,,,,,,,,,,,,,,
,,,,,,,,,,,,,,,,,,,,,,,,,,,,,,,,,,,,,,,,,,,,,,,,,,,,,,,,,,,,,,,,,,,,,,,,,,,
,,,,,,,,,,,,,,,,,,,,,,,,,,,,,,,,,,,,,,,,,,,,,,,,,,,,,,,,,,,,,,,,,,,,,,,,,,,
,,,,,,,,,,,,,,,,,,,,,,,,,,,,,,,,,,,,,,,,,,,,,,,,,,,,,,,,,,,,,,,,,,,,,,,,,,,
,,,,,,,,,,,,,,,,,,,,,,,,,,,,,,,,,,,,,,,,,,,,,,,,,,,,,,,,,,,,,,,,,,,,,,,,,,,
,,,,,,,,,,,,,,,,,,,,,,,,,,,,,,,,,,,,,,,,,,,,,,,,,,,,,,,,,,,,,,,,,,,,,,,,,,,
,,,,,,,,,,,,,,,,,,,,,,,,,,,,,,,,,,,,,,,,,,,,,,,,,,,,,,,,,,,,,,,,,,,,,,,,,,,
,,,,,,,,,,,,,,,,,,,,,,,,,,,,,,,,,,,,,,,,,,,,,,,,,,,,,,,,,,,,,,,,,,,,,,,,,,,
,,,,,,,,,,,,,,,,,,,,,,,,,,,,,,,,,,,,,,,,,,,,,,,,,,,,,,,,,,,,,,,,,,,,,,,,,,,
,,,,,,,,,,,,,,,,,,,,,,,,,,,,,,,,,,,,,,,,,,,,,,,,,,,,,,,,,,,,,,,,,,,,,,,,,,,
,,,,,,,,,,,,,,,,,,,,,,,,,,,,,,,,,,,,,,,,,,,,,,,,,,,,,,,,,,,,,,,,,,,,,,,,,,,
,,,,,,,,,,,,,,,,,,,,,,,,,,,,,,,,,,,,,,,,,,,,,,,,,,,,,,,,,,,,,,,,,,,,,,,,,,,
,,,,,,,,,,,,,,,,,,,,,,,,,,,,,,,,,,,,,,,,,,,,,,,,,,,,,,,,,,,,,,,,,,,,,,,,,,,
,,,,,,,,,,,,,,,,,,,,,,,,,,,,,,,,,,,,,,,,,,,,,,,,,,,,,,,,,,,,,,,,,,,,,,,,,,,
,,,,,,,,,,,,,,,,,,,,,,,,,,,,,,,,,,,,,,,,,,,,,,,,,,,,,,,,,,,,,,,,,,,,,,,,,,,
,,,,,,,,,,,,,,,,,,,,,,,,,,,,,,,,,,,,,,,,,,,,,,,,,,,,,,,,,,,,,,,,,,,,,,,,,,,
,,,,,,,,,,,,,,,,,,,,,,,,,,,,,,,,,,,,,,,,,,,,,,,,,,,,,,,,,,,,,,,,,,,,,,,,,,,
,,,,,,,,,,,,,,,,,,,,,,,,,,,,,,,,,,,,,,,,,,,,,,,,,,,,,,,,,,,,,,,,,,,,,,,,,,,
,,,,,,,,,,,,,,,,,,,,,,,,,,,,,,,,,,,,,,,,,,,,,,,,,,,,,,,,,,,,,,,,,,,,,,,,,,,
,,,,,,,,,,,,,,,,,,,,,,,,,,,,,,,,,,,,,,,,,,,,,,,,,,,,,,,,,,,,,,,,,,,,,,,,,,,
,,,,,,,,,,,,,,,,,,,,,,,,,,,,,,,,,,,,,,,,,,,,,,,,,,,,,,,,,,,,,,,,,,,,,,,,,,,
,,,,,,,,,,,,,,,,,,,,,,,,,,,,,,,,,,,,,,,,,,,,,,,,,,,,,,,,,,,,,,,,,,,,,,,,,,,
,,,,,,,,,,,,,,,,,,,,,,,,,,,,,,,,,,,,,,,,,,,,,,,,,,,,,,,,,,,,,,,,,,,,,,,,,,,
,,,,,,,,,,,,,,,,,,,,,,,,,,,,,,,,,,,,,,,,,,,,,,,,,,,,,,,,,,,,,,,,,,,,,,,,,,,
,,,,,,,,,,,,,,,,,,,,,,,,,,,,,,,,,,,,,,,,,,,,,,,,,,,,,,,,,,,,,,,,,,,,,,,,,,,
,,,,,,,,,,,,,,,,,,,,,,,,,,,,,,,,,,,,,,,,,,,,,,,,,,,,,,,,,,,,,,,,,,,,,,,,,,,
,,,,,,,,,,,,,,,,,,,,,,,,,,,,,,,,,,,,,,,,,,,,,,,,,,,,,,,,,,,,,,,,,,,,,,,,,,,
,,,,,,,,,,,,,,,,,,,,,,,,,,,,,,,,,,,,,,,,,,,,,,,,,,,,,,,,,,,,,,,,,,,,,,,,,,,
,,,,,,,,,,,,,,,,,,,,,,,,,,,,,,,,,,,,,,,,,,,,,,,,,,,,,,,,,,,,,,,,,,,,,,,,,,,
,,,,,,,,,,,,,,,,,,,,,,,,,,,,,,,,,,,,,,,,,,,,,,,,,,,,,,,,,,,,,,,,,,,,,,,,,,,
,,,,,,,,,,,,,,,,,,,,,,,,,,,,,,,,,,,,,,,,,,,,,,,,,,,,,,,,,,,,,,,,,,,,,,,,,,,
,,,,,,,,,,,,,,,,,,,,,,,,,,,,,,,,,,,,,,,,,,,,,,,,,,,,,,,,,,,,,,,,,,,,,,,,,,,
,,,,,,,,,,,,,,,,,,,,,,,,,,,,,,,,,,,,,,,,,,,,,,,,,,,,,,,,,,,,,,,,,,,,,,,,,,,
,,,,,,,,,,,,,,,,,,,,,,,,,,,,,,,,,,,,,,,,,,,,,,,,,,,,,,,,,,,,,,,,,,,,,,,,,,,
,,,,,,,,,,,,,,,,,,,,,,,,,,,,,,,,,,,,,,,,,,,,,,,,,,,,,,,,,,,,,,,,,,,,,,,,,,,
,,,,,,,,,,,,,,,,,,,,,,,,,,,,,,,,,,,,,,,,,,,,,,,,,,,,,,,,,,,,,,,,,,,,,,,,,,,
,,,,,,,,,,,,,,,,,,,,,,,,,,,,,,,,,,,,,,,,,,,,,,,,,,,,,,,,,,,,,,,,,,,,,,,,,,,
,,,,,,,,,,,,,,,,,,,,,,,,,,,,,,,,,,,,,,,,,,,,,,,,,,,,,,,,,,,,,,,,,,,,,,,,,,,
,,,,,,,,,,,,,,,,,,,,,,,,,,,,,,,,,,,,,,,,,,,,,,,,,,,,,,,,,,,,,,,,,,,,,,,,,,,
,,,,,,,,,,,,,,,,,,,,,,,,,,,,,,,,,,,,,,,,,,,,,,,,,,,,,,,,,,,,,,,,,,,,,,,,,,,
,,,,,,,,,,,,,,,,,,,,,,,,,,,,,,,,,,,,,,,,,,,,,,,,,,,,,,,,,,,,,,,,,,,,,,,,,,,
,,,,,,,,,,,,,,,,,,,,,,,,,,,,,,,,,,,,,,,,,,,,,,,,,,,,,,,,,,,,,,,,,,,,,,,,,,,
,,,,,,,,,,,,,,,,,,,,,,,,,,,,,,,,,,,,,,,,,,,,,,,,,,,,,,,,,,,,,,,,,,,,,,,,,,,
,,,,,,,,,,,,,,,,,,,,,,,,,,,,,,,,,,,,,,,,,,,,,,,,,,,,,,,,,,,,,,,,,,,,,,,,,,,
,,,,,,,,,,,,,,,,,,,,,,,,,,,,,,,,,,,,,,,,,,,,,,,,,,,,,,,,,,,,,,,,,,,,,,,,,,,
,,,,,,,,,,,,,,,,,,,,,,,,,,,,,,,,,,,,,,,,,,,,,,,,,,,,,,,,,,,,,,,,,,,,,,,,,,,
,,,,,,,,,,,,,,,,,,,,,,,,,,,,,,,,,,,,,,,,,,,,,,,,,,,,,,,,,,,,,,,,,,,,,,,,,,,
,,,,,,,,,,,,,,,,,,,,,,,,,,,,,,,,,,,,,,,,,,,,,,,,,,,,,,,,,,,,,,,,,,,,,,,,,,,
,,,,,,,,,,,,,,,,,,,,,,,,,,,,,,,,,,,,,,,,,,,,,,,,,,,,,,,,,,,,,,,,,,,,,,,,,,,
,,,,,,,,,,,,,,,,,,,,,,,,,,,,,,,,,,,,,,,,,,,,,,,,,,,,,,,,,,,,,,,,,,,,,,,,,,,
,,,,,,,,,,,,,,,,,,,,,,,,,,,,,,,,,,,,,,,,,,,,,,,,,,,,,,,,,,,,,,,,,,,,,,,,,,,
,,,,,,,,,,,,,,,,,,,,,,,,,,,,,,,,,,,,,,,,,,,,,,,,,,,,,,,,,,,,,,,,,,,,,,,,,,,
,,,,,,,,,,,,,,,,,,,,,,,,,,,,,,,,,,,,,,,,,,,,,,,,,,,,,,,,,,,,,,,,,,,,,,,,,,,
,,,,,,,,,,,,,,,,,,,,,,,,,,,,,,,,,,,,,,,,,,,,,,,,,,,,,,,,,,,,,,,,,,,,,,,,,,,
,,,,,,,,,,,,,,,,,,,,,,,,,,,,,,,,,,,,,,,,,,,,,,,,,,,,,,,,,,,,,,,,,,,,,,,,,,,
,,,,,,,,,,,,,,,,,,,,,,,,,,,,,,,,,,,,,,,,,,,,,,,,,,,,,,,,,,,,,,,,,,,,,,,,,,,
,,,,,,,,,,,,,,,,,,,,,,,,,,,,,,,,,,,,,,,,,,,,,,,,,,,,,,,,,,,,,,,,,,,,,,,,,,,
,,,,,,,,,,,,,,,,,,,,,,,,,,,,,,,,,,,,,,,,,,,,,,,,,,,,,,,,,,,,,,,,,,,,,,,,,,,
,,,,,,,,,,,,,,,,,,,,,,,,,,,,,,,,,,,,,,,,,,,,,,,,,,,,,,,,,,,,,,,,,,,,,,,,,,,
,,,,,,,,,,,,,,,,,,,,,,,,,,,,,,,,,,,,,,,,,,,,,,,,,,,,,,,,,,,,,,,,,,,,,,,,,,,
,,,,,,,,,,,,,,,,,,,,,,,,,,,,,,,,,,,,,,,,,,,,,,,,,,,,,,,,,,,,,,,,,,,,,,,,,,,
,,,,,,,,,,,,,,,,,,,,,,,,,,,,,,,,,,,,,,,,,,,,,,,,,,,,,,,,,,,,,,,,,,,,,,,,,,,
,,,,,,,,,,,,,,,,,,,,,,,,,,,,,,,,,,,,,,,,,,,,,,,,,,,,,,,,,,,,,,,,,,,,,,,,,,,
,,,,,,,,,,,,,,,,,,,,,,,,,,,,,,,,,,,,,,,,,,,,,,,,,,,,,,,,,,,,,,,,,,,,,,,,,,,
,,,,,,,,,,,,,,,,,,,,,,,,,,,,,,,,,,,,,,,,,,,,,,,,,,,,,,,,,,,,,,,,,,,,,,,,,,,
,,,,,,,,,,,,,,,,,,,,,,,,,,,,,,,,,,,,,,,,,,,,,,,,,,,,,,,,,,,,,,,,,,,,,,,,,,,
,,,,,,,,,,,,,,,,,,,,,,,,,,,,,,,,,,,,,,,,,,,,,,,,,,,,,,,,,,,,,,,,,,,,,,,,,,,
,,,,,,,,,,,,,,,,,,,,,,,,,,,,,,,,,,,,,,,,,,,,,,,,,,,,,,,,,,,,,,,,,,,,,,,,,,,
,,,,,,,,,,,,,,,,,,,,,,,,,,,,,,,,,,,,,,,,,,,,,,,,,,,,,,,,,,,,,,,,,,,,,,,,,,,
,,,,,,,,,,,,,,,,,,,,,,,,,,,,,,,,,,,,,,,,,,,,,,,,,,,,,,,,,,,,,,,,,,,,,,,,,,,
,,,,,,,,,,,,,,,,,,,,,,,,,,,,,,,,,,,,,,,,,,,,,,,,,,,,,,,,,,,,,,,,,,,,,,,,,,,
,,,,,,,,,,,,,,,,,,,,,,,,,,,,,,,,,,,,,,,,,,,,,,,,,,,,,,,,,,,,,,,,,,,,,,,,,,,
,,,,,,,,,,,,,,,,,,,,,,,,,,,,,,,,,,,,,,,,,,,,,,,,,,,,,,,,,,,,,,,,,,,,,,,,,,,
,,,,,,,,,,,,,,,,,,,,,,,,,,,,,,,,,,,,,,,,,,,,,,,,,,,,,,,,,,,,,,,,,,,,,,,,,,,
,,,,,,,,,,,,,,,,,,,,,,,,,,,,,,,,,,,,,,,,,,,,,,,,,,,,,,,,,,,,,,,,,,,,,,,,,,,
,,,,,,,,,,,,,,,,,,,,,,,,,,,,,,,,,,,,,,,,,,,,,,,,,,,,,,,,,,,,,,,,,,,,,,,,,,,
,,,,,,,,,,,,,,,,,,,,,,,,,,,,,,,,,,,,,,,,,,,,,,,,,,,,,,,,,,,,,,,,,,,,,,,,,,,
,,,,,,,,,,,,,,,,,,,,,,,,,,,,,,,,,,,,,,,,,,,,,,,,,,,,,,,,,,,,,,,,,,,,,,,,,,,
,,,,,,,,,,,,,,,,,,,,,,,,,,,,,,,,,,,,,,,,,,,,,,,,,,,,,,,,,,,,,,,,,,,,,,,,,,,
,,,,,,,,,,,,,,,,,,,,,,,,,,,,,,,,,,,,,,,,,,,,,,,,,,,,,,,,,,,,,,,,,,,,,,,,,,,
,,,,,,,,,,,,,,,,,,,,,,,,,,,,,,,,,,,,,,,,,,,,,,,,,,,,,,,,,,,,,,,,,,,,,,,,,,,
,,,,,,,,,,,,,,,,,,,,,,,,,,,,,,,,,,,,,,,,,,,,,,,,,,,,,,,,,,,,,,,,,,,,,,,,,,,
,,,,,,,,,,,,,,,,,,,,,,,,,,,,,,,,,,,,,,,,,,,,,,,,,,,,,,,,,,,,,,,,,,,,,,,,,,,
,,,,,,,,,,,,,,,,,,,,,,,,,,,,,,,,,,,,,,,,,,,,,,,,,,,,,,,,,,,,,,,,,,,,,,,,,,,
,,,,,,,,,,,,,,,,,,,,,,,,,,,,,,,,,,,,,,,,,,,,,,,,,,,,,,,,,,,,,,,,,,,,,,,,,,,
,,,,,,,,,,,,,,,,,,,,,,,,,,,,,,,,,,,,,,,,,,,,,,,,,,,,,,,,,,,,,,,,,,,,,,,,,,,
,,,,,,,,,,,,,,,,,,,,,,,,,,,,,,,,,,,,,,,,,,,,,,,,,,,,,,,,,,,,,,,,,,,,,,,,,,,
,,,,,,,,,,,,,,,,,,,,,,,,,,,,,,,,,,,,,,,,,,,,,,,,,,,,,,,,,,,,,,,,,,,,,,,,,,,
,,,,,,,,,,,,,,,,,,,,,,,,,,,,,,,,,,,,,,,,,,,,,,,,,,,,,,,,,,,,,,,,,,,,,,,,,,,
,,,,,,,,,,,,,,,,,,,,,,,,,,,,,,,,,,,,,,,,,,,,,,,,,,,,,,,,,,,,,,,,,,,,,,,,,,,
,,,,,,,,,,,,,,,,,,,,,,,,,,,,,,,,,,,,,,,,,,,,,,,,,,,,,,,,,,,,,,,,,,,,,,,,,,,
,,,,,,,,,,,,,,,,,,,,,,,,,,,,,,,,,,,,,,,,,,,,,,,,,,,,,,,,,,,,,,,,,,,,,,,,,,,
,,,,,,,,,,,,,,,,,,,,,,,,,,,,,,,,,,,,,,,,,,,,,,,,,,,,,,,,,,,,,,,,,,,,,,,,,,,
,,,,,,,,,,,,,,,,,,,,,,,,,,,,,,,,,,,,,,,,,,,,,,,,,,,,,,,,,,,,,,,,,,,,,,,,,,,
,,,,,,,,,,,,,,,,,,,,,,,,,,,,,,,,,,,,,,,,,,,,,,,,,,,,,,,,,,,,,,,,,,,,,,,,,,,
,,,,,,,,,,,,,,,,,,,,,,,,,,,,,,,,,,,,,,,,,,,,,,,,,,,,,,,,,,,,,,,,,,,,,,,,,,,
,,,,,,,,,,,,,,,,,,,,,,,,,,,,,,,,,,,,,,,,,,,,,,,,,,,,,,,,,,,,,,,,,,,,,,,,,,,
,,,,,,,,,,,,,,,,,,,,,,,,,,,,,,,,,,,,,,,,,,,,,,,,,,,,,,,,,,,,,,,,,,,,,,,,,,,
,,,,,,,,,,,,,,,,,,,,,,,,,,,,,,,,,,,,,,,,,,,,,,,,,,,,,,,,,,,,,,,,,,,,,,,,,,,
,,,,,,,,,,,,,,,,,,,,,,,,,,,,,,,,,,,,,,,,,,,,,,,,,,,,,,,,,,,,,,,,,,,,,,,,,,,
,,,,,,,,,,,,,,,,,,,,,,,,,,,,,,,,,,,,,,,,,,,,,,,,,,,,,,,,,,,,,,,,,,,,,,,,,,,
,,,,,,,,,,,,,,,,,,,,,,,,,,,,,,,,,,,,,,,,,,,,,,,,,,,,,,,,,,,,,,,,,,,,,,,,,,,
,,,,,,,,,,,,,,,,,,,,,,,,,,,,,,,,,,,,,,,,,,,,,,,,,,,,,,,,,,,,,,,,,,,,,,,,,,,
,,,,,,,,,,,,,,,,,,,,,,,,,,,,,,,,,,,,,,,,,,,,,,,,,,,,,,,,,,,,,,,,,,,,,,,,,,,
,,,,,,,,,,,,,,,,,,,,,,,,,,,,,,,,,,,,,,,,,,,,,,,,,,,,,,,,,,,,,,,,,,,,,,,,,,,
,,,,,,,,,,,,,,,,,,,,,,,,,,,,,,,,,,,,,,,,,,,,,,,,,,,,,,,,,,,,,,,,,,,,,,,,,,,
,,,,,,,,,,,,,,,,,,,,,,,,,,,,,,,,,,,,,,,,,,,,,,,,,,,,,,,,,,,,,,,,,,,,,,,,,,,
,,,,,,,,,,,,,,,,,,,,,,,,,,,,,,,,,,,,,,,,,,,,,,,,,,,,,,,,,,,,,,,,,,,,,,,,,,,
,,,,,,,,,,,,,,,,,,,,,,,,,,,,,,,,,,,,,,,,,,,,,,,,,,,,,,,,,,,,,,,,,,,,,,,,,,,
,,,,,,,,,,,,,,,,,,,,,,,,,,,,,,,,,,,,,,,,,,,,,,,,,,,,,,,,,,,,,,,,,,,,,,,,,,,
,,,,,,,,,,,,,,,,,,,,,,,,,,,,,,,,,,,,,,,,,,,,,,,,,,,,,,,,,,,,,,,,,,,,,,,,,,,
,,,,,,,,,,,,,,,,,,,,,,,,,,,,,,,,,,,,,,,,,,,,,,,,,,,,,,,,,,,,,,,,,,,,,,,,,,,
,,,,,,,,,,,,,,,,,,,,,,,,,,,,,,,,,,,,,,,,,,,,,,,,,,,,,,,,,,,,,,,,,,,,,,,,,,,
,,,,,,,,,,,,,,,,,,,,,,,,,,,,,,,,,,,,,,,,,,,,,,,,,,,,,,,,,,,,,,,,,,,,,,,,,,,
,,,,,,,,,,,,,,,,,,,,,,,,,,,,,,,,,,,,,,,,,,,,,,,,,,,,,,,,,,,,,,,,,,,,,,,,,,,
,,,,,,,,,,,,,,,,,,,,,,,,,,,,,,,,,,,,,,,,,,,,,,,,,,,,,,,,,,,,,,,,,,,,,,,,,,,
,,,,,,,,,,,,,,,,,,,,,,,,,,,,,,,,,,,,,,,,,,,,,,,,,,,,,,,,,,,,,,,,,,,,,,,,,,,
,,,,,,,,,,,,,,,,,,,,,,,,,,,,,,,,,,,,,,,,,,,,,,,,,,,,,,,,,,,,,,,,,,,,,,,,,,,
,,,,,,,,,,,,,,,,,,,,,,,,,,,,,,,,,,,,,,,,,,,,,,,,,,,,,,,,,,,,,,,,,,,,,,,,,,,
,,,,,,,,,,,,,,,,,,,,,,,,,,,,,,,,,,,,,,,,,,,,,,,,,,,,,,,,,,,,,,,,,,,,,,,,,,,
,,,,,,,,,,,,,,,,,,,,,,,,,,,,,,,,,,,,,,,,,,,,,,,,,,,,,,,,,,,,,,,,,,,,,,,,,,,
,,,,,,,,,,,,,,,,,,,,,,,,,,,,,,,,,,,,,,,,,,,,,,,,,,,,,,,,,,,,,,,,,,,,,,,,,,,
,,,,,,,,,,,,,,,,,,,,,,,,,,,,,,,,,,,,,,,,,,,,,,,,,,,,,,,,,,,,,,,,,,,,,,,,,,,
,,,,,,,,,,,,,,,,,,,,,,,,,,,,,,,,,,,,,,,,,,,,,,,,,,,,,,,,,,,,,,,,,,,,,,,,,,,
,,,,,,,,,,,,,,,,,,,,,,,,,,,,,,,,,,,,,,,,,,,,,,,,,,,,,,,,,,,,,,,,,,,,,,,,,,,
,,,,,,,,,,,,,,,,,,,,,,,,,,,,,,,,,,,,,,,,,,,,,,,,,,,,,,,,,,,,,,,,,,,,,,,,,,,
,,,,,,,,,,,,,,,,,,,,,,,,,,,,,,,,,,,,,,,,,,,,,,,,,,,,,,,,,,,,,,,,,,,,,,,,,,,
,,,,,,,,,,,,,,,,,,,,,,,,,,,,,,,,,,,,,,,,,,,,,,,,,,,,,,,,,,,,,,,,,,,,,,,,,,,
,,,,,,,,,,,,,,,,,,,,,,,,,,,,,,,,,,,,,,,,,,,,,,,,,,,,,,,,,,,,,,,,,,,,,,,,,,,
,,,,,,,,,,,,,,,,,,,,,,,,,,,,,,,,,,,,,,,,,,,,,,,,,,,,,,,,,,,,,,,,,,,,,,,,,,,
,,,,,,,,,,,,,,,,,,,,,,,,,,,,,,,,,,,,,,,,,,,,,,,,,,,,,,,,,,,,,,,,,,,,,,,,,,,
,,,,,,,,,,,,,,,,,,,,,,,,,,,,,,,,,,,,,,,,,,,,,,,,,,,,,,,,,,,,,,,,,,,,,,,,,,,
,,,,,,,,,,,,,,,,,,,,,,,,,,,,,,,,,,,,,,,,,,,,,,,,,,,,,,,,,,,,,,,,,,,,,,,,,,,
,,,,,,,,,,,,,,,,,,,,,,,,,,,,,,,,,,,,,,,,,,,,,,,,,,,,,,,,,,,,,,,,,,,,,,,,,,,
,,,,,,,,,,,,,,,,,,,,,,,,,,,,,,,,,,,,,,,,,,,,,,,,,,,,,,,,,,,,,,,,,,,,,,,,,,,
,,,,,,,,,,,,,,,,,,,,,,,,,,,,,,,,,,,,,,,,,,,,,,,,,,,,,,,,,,,,,,,,,,,,,,,,,,,
,,,,,,,,,,,,,,,,,,,,,,,,,,,,,,,,,,,,,,,,,,,,,,,,,,,,,,,,,,,,,,,,,,,,,,,,,,,
,,,,,,,,,,,,,,,,,,,,,,,,,,,,,,,,,,,,,,,,,,,,,,,,,,,,,,,,,,,,,,,,,,,,,,,,,,,
,,,,,,,,,,,,,,,,,,,,,,,,,,,,,,,,,,,,,,,,,,,,,,,,,,,,,,,,,,,,,,,,,,,,,,,,,,,
,,,,,,,,,,,,,,,,,,,,,,,,,,,,,,,,,,,,,,,,,,,,,,,,,,,,,,,,,,,,,,,,,,,,,,,,,,,
,,,,,,,,,,,,,,,,,,,,,,,,,,,,,,,,,,,,,,,,,,,,,,,,,,,,,,,,,,,,,,,,,,,,,,,,,,,
,,,,,,,,,,,,,,,,,,,,,,,,,,,,,,,,,,,,,,,,,,,,,,,,,,,,,,,,,,,,,,,,,,,,,,,,,,,
,,,,,,,,,,,,,,,,,,,,,,,,,,,,,,,,,,,,,,,,,,,,,,,,,,,,,,,,,,,,,,,,,,,,,,,,,,,
,,,,,,,,,,,,,,,,,,,,,,,,,,,,,,,,,,,,,,,,,,,,,,,,,,,,,,,,,,,,,,,,,,,,,,,,,,,
,,,,,,,,,,,,,,,,,,,,,,,,,,,,,,,,,,,,,,,,,,,,,,,,,,,,,,,,,,,,,,,,,,,,,,,,,,,
,,,,,,,,,,,,,,,,,,,,,,,,,,,,,,,,,,,,,,,,,,,,,,,,,,,,,,,,,,,,,,,,,,,,,,,,,,,
,,,,,,,,,,,,,,,,,,,,,,,,,,,,,,,,,,,,,,,,,,,,,,,,,,,,,,,,,,,,,,,,,,,,,,,,,,,
,,,,,,,,,,,,,,,,,,,,,,,,,,,,,,,,,,,,,,,,,,,,,,,,,,,,,,,,,,,,,,,,,,,,,,,,,,,
,,,,,,,,,,,,,,,,,,,,,,,,,,,,,,,,,,,,,,,,,,,,,,,,,,,,,,,,,,,,,,,,,,,,,,,,,,,
,,,,,,,,,,,,,,,,,,,,,,,,,,,,,,,,,,,,,,,,,,,,,,,,,,,,,,,,,,,,,,,,,,,,,,,,,,,
,,,,,,,,,,,,,,,,,,,,,,,,,,,,,,,,,,,,,,,,,,,,,,,,,,,,,,,,,,,,,,,,,,,,,,,,,,,
,,,,,,,,,,,,,,,,,,,,,,,,,,,,,,,,,,,,,,,,,,,,,,,,,,,,,,,,,,,,,,,,,,,,,,,,,,,
,,,,,,,,,,,,,,,,,,,,,,,,,,,,,,,,,,,,,,,,,,,,,,,,,,,,,,,,,,,,,,,,,,,,,,,,,,,
,,,,,,,,,,,,,,,,,,,,,,,,,,,,,,,,,,,,,,,,,,,,,,,,,,,,,,,,,,,,,,,,,,,,,,,,,,,
,,,,,,,,,,,,,,,,,,,,,,,,,,,,,,,,,,,,,,,,,,,,,,,,,,,,,,,,,,,,,,,,,,,,,,,,,,,
,,,,,,,,,,,,,,,,,,,,,,,,,,,,,,,,,,,,,,,,,,,,,,,,,,,,,,,,,,,,,,,,,,,,,,,,,,,
,,,,,,,,,,,,,,,,,,,,,,,,,,,,,,,,,,,,,,,,,,,,,,,,,,,,,,,,,,,,,,,,,,,,,,,,,,,
,,,,,,,,,,,,,,,,,,,,,,,,,,,,,,,,,,,,,,,,,,,,,,,,,,,,,,,,,,,,,,,,,,,,,,,,,,,
,,,,,,,,,,,,,,,,,,,,,,,,,,,,,,,,,,,,,,,,,,,,,,,,,,,,,,,,,,,,,,,,,,,,,,,,,,,
,,,,,,,,,,,,,,,,,,,,,,,,,,,,,,,,,,,,,,,,,,,,,,,,,,,,,,,,,,,,,,,,,,,,,,,,,,,
,,,,,,,,,,,,,,,,,,,,,,,,,,,,,,,,,,,,,,,,,,,,,,,,,,,,,,,,,,,,,,,,,,,,,,,,,,,
,,,,,,,,,,,,,,,,,,,,,,,,,,,,,,,,,,,,,,,,,,,,,,,,,,,,,,,,,,,,,,,,,,,,,,,,,,,
,,,,,,,,,,,,,,,,,,,,,,,,,,,,,,,,,,,,,,,,,,,,,,,,,,,,,,,,,,,,,,,,,,,,,,,,,,,
,,,,,,,,,,,,,,,,,,,,,,,,,,,,,,,,,,,,,,,,,,,,,,,,,,,,,,,,,,,,,,,,,,,,,,,,,,,
,,,,,,,,,,,,,,,,,,,,,,,,,,,,,,,,,,,,,,,,,,,,,,,,,,,,,,,,,,,,,,,,,,,,,,,,,,,
,,,,,,,,,,,,,,,,,,,,,,,,,,,,,,,,,,,,,,,,,,,,,,,,,,,,,,,,,,,,,,,,,,,,,,,,,,,
,,,,,,,,,,,,,,,,,,,,,,,,,,,,,,,,,,,,,,,,,,,,,,,,,,,,,,,,,,,,,,,,,,,,,,,,,,,
,,,,,,,,,,,,,,,,,,,,,,,,,,,,,,,,,,,,,,,,,,,,,,,,,,,,,,,,,,,,,,,,,,,,,,,,,,,
,,,,,,,,,,,,,,,,,,,,,,,,,,,,,,,,,,,,,,,,,,,,,,,,,,,,,,,,,,,,,,,,,,,,,,,,,,,
,,,,,,,,,,,,,,,,,,,,,,,,,,,,,,,,,,,,,,,,,,,,,,,,,,,,,,,,,,,,,,,,,,,,,,,,,,,
,,,,,,,,,,,,,,,,,,,,,,,,,,,,,,,,,,,,,,,,,,,,,,,,,,,,,,,,,,,,,,,,,,,,,,,,,,,
,,,,,,,,,,,,,,,,,,,,,,,,,,,,,,,,,,,,,,,,,,,,,,,,,,,,,,,,,,,,,,,,,,,,,,,,,,,
,,,,,,,,,,,,,,,,,,,,,,,,,,,,,,,,,,,,,,,,,,,,,,,,,,,,,,,,,,,,,,,,,,,,,,,,,,,
,,,,,,,,,,,,,,,,,,,,,,,,,,,,,,,,,,,,,,,,,,,,,,,,,,,,,,,,,,,,,,,,,,,,,,,,,,,
,,,,,,,,,,,,,,,,,,,,,,,,,,,,,,,,,,,,,,,,,,,,,,,,,,,,,,,,,,,,,,,,,,,,,,,,,,,
,,,,,,,,,,,,,,,,,,,,,,,,,,,,,,,,,,,,,,,,,,,,,,,,,,,,,,,,,,,,,,,,,,,,,,,,,,,
,,,,,,,,,,,,,,,,,,,,,,,,,,,,,,,,,,,,,,,,,,,,,,,,,,,,,,,,,,,,,,,,,,,,,,,,,,,
,,,,,,,,,,,,,,,,,,,,,,,,,,,,,,,,,,,,,,,,,,,,,,,,,,,,,,,,,,,,,,,,,,,,,,,,,,,
,,,,,,,,,,,,,,,,,,,,,,,,,,,,,,,,,,,,,,,,,,,,,,,,,,,,,,,,,,,,,,,,,,,,,,,,,,,
,,,,,,,,,,,,,,,,,,,,,,,,,,,,,,,,,,,,,,,,,,,,,,,,,,,,,,,,,,,,,,,,,,,,,,,,,,,
,,,,,,,,,,,,,,,,,,,,,,,,,,,,,,,,,,,,,,,,,,,,,,,,,,,,,,,,,,,,,,,,,,,,,,,,,,,
,,,,,,,,,,,,,,,,,,,,,,,,,,,,,,,,,,,,,,,,,,,,,,,,,,,,,,,,,,,,,,,,,,,,,,,,,,,
,,,,,,,,,,,,,,,,,,,,,,,,,,,,,,,,,,,,,,,,,,,,,,,,,,,,,,,,,,,,,,,,,,,,,,,,,,,
,,,,,,,,,,,,,,,,,,,,,,,,,,,,,,,,,,,,,,,,,,,,,,,,,,,,,,,,,,,,,,,,,,,,,,,,,,,
,,,,,,,,,,,,,,,,,,,,,,,,,,,,,,,,,,,,,,,,,,,,,,,,,,,,,,,,,,,,,,,,,,,,,,,,,,,
,,,,,,,,,,,,,,,,,,,,,,,,,,,,,,,,,,,,,,,,,,,,,,,,,,,,,,,,,,,,,,,,,,,,,,,,,,,
,,,,,,,,,,,,,,,,,,,,,,,,,,,,,,,,,,,,,,,,,,,,,,,,,,,,,,,,,,,,,,,,,,,,,,,,,,,
,,,,,,,,,,,,,,,,,,,,,,,,,,,,,,,,,,,,,,,,,,,,,,,,,,,,,,,,,,,,,,,,,,,,,,,,,,,
,,,,,,,,,,,,,,,,,,,,,,,,,,,,,,,,,,,,,,,,,,,,,,,,,,,,,,,,,,,,,,,,,,,,,,,,,,,
,,,,,,,,,,,,,,,,,,,,,,,,,,,,,,,,,,,,,,,,,,,,,,,,,,,,,,,,,,,,,,,,,,,,,,,,,,,
,,,,,,,,,,,,,,,,,,,,,,,,,,,,,,,,,,,,,,,,,,,,,,,,,,,,,,,,,,,,,,,,,,,,,,,,,,,
,,,,,,,,,,,,,,,,,,,,,,,,,,,,,,,,,,,,,,,,,,,,,,,,,,,,,,,,,,,,,,,,,,,,,,,,,,,
,,,,,,,,,,,,,,,,,,,,,,,,,,,,,,,,,,,,,,,,,,,,,,,,,,,,,,,,,,,,,,,,,,,,,,,,,,,
,,,,,,,,,,,,,,,,,,,,,,,,,,,,,,,,,,,,,,,,,,,,,,,,,,,,,,,,,,,,,,,,,,,,,,,,,,,
,,,,,,,,,,,,,,,,,,,,,,,,,,,,,,,,,,,,,,,,,,,,,,,,,,,,,,,,,,,,,,,,,,,,,,,,,,,
,,,,,,,,,,,,,,,,,,,,,,,,,,,,,,,,,,,,,,,,,,,,,,,,,,,,,,,,,,,,,,,,,,,,,,,,,,,
,,,,,,,,,,,,,,,,,,,,,,,,,,,,,,,,,,,,,,,,,,,,,,,,,,,,,,,,,,,,,,,,,,,,,,,,,,,
,,,,,,,,,,,,,,,,,,,,,,,,,,,,,,,,,,,,,,,,,,,,,,,,,,,,,,,,,,,,,,,,,,,,,,,,,,,
,,,,,,,,,,,,,,,,,,,,,,,,,,,,,,,,,,,,,,,,,,,,,,,,,,,,,,,,,,,,,,,,,,,,,,,,,,,
,,,,,,,,,,,,,,,,,,,,,,,,,,,,,,,,,,,,,,,,,,,,,,,,,,,,,,,,,,,,,,,,,,,,,,,,,,,
,,,,,,,,,,,,,,,,,,,,,,,,,,,,,,,,,,,,,,,,,,,,,,,,,,,,,,,,,,,,,,,,,,,,,,,,,,,
,,,,,,,,,,,,,,,,,,,,,,,,,,,,,,,,,,,,,,,,,,,,,,,,,,,,,,,,,,,,,,,,,,,,,,,,,,,
,,,,,,,,,,,,,,,,,,,,,,,,,,,,,,,,,,,,,,,,,,,,,,,,,,,,,,,,,,,,,,,,,,,,,,,,,,,
,,,,,,,,,,,,,,,,,,,,,,,,,,,,,,,,,,,,,,,,,,,,,,,,,,,,,,,,,,,,,,,,,,,,,,,,,,,
,,,,,,,,,,,,,,,,,,,,,,,,,,,,,,,,,,,,,,,,,,,,,,,,,,,,,,,,,,,,,,,,,,,,,,,,,,,
,,,,,,,,,,,,,,,,,,,,,,,,,,,,,,,,,,,,,,,,,,,,,,,,,,,,,,,,,,,,,,,,,,,,,,,,,,,
,,,,,,,,,,,,,,,,,,,,,,,,,,,,,,,,,,,,,,,,,,,,,,,,,,,,,,,,,,,,,,,,,,,,,,,,,,,
,,,,,,,,,,,,,,,,,,,,,,,,,,,,,,,,,,,,,,,,,,,,,,,,,,,,,,,,,,,,,,,,,,,,,,,,,,,
,,,,,,,,,,,,,,,,,,,,,,,,,,,,,,,,,,,,,,,,,,,,,,,,,,,,,,,,,,,,,,,,,,,,,,,,,,,
,,,,,,,,,,,,,,,,,,,,,,,,,,,,,,,,,,,,,,,,,,,,,,,,,,,,,,,,,,,,,,,,,,,,,,,,,,,
,,,,,,,,,,,,,,,,,,,,,,,,,,,,,,,,,,,,,,,,,,,,,,,,,,,,,,,,,,,,,,,,,,,,,,,,,,,
,,,,,,,,,,,,,,,,,,,,,,,,,,,,,,,,,,,,,,,,,,,,,,,,,,,,,,,,,,,,,,,,,,,,,,,,,,,
,,,,,,,,,,,,,,,,,,,,,,,,,,,,,,,,,,,,,,,,,,,,,,,,,,,,,,,,,,,,,,,,,,,,,,,,,,,
,,,,,,,,,,,,,,,,,,,,,,,,,,,,,,,,,,,,,,,,,,,,,,,,,,,,,,,,,,,,,,,,,,,,,,,,,,,
,,,,,,,,,,,,,,,,,,,,,,,,,,,,,,,,,,,,,,,,,,,,,,,,,,,,,,,,,,,,,,,,,,,,,,,,,,,
